start,end,speaker,text
0.03096875,6.24096875,b'SPEAKER_01',b'\xe9\x9f\xb3\xe9\x87\x8f\xe8\xaa\xbf\xe6\x95\xb4\xe3\x81\x97\xe3\x81\x9f\xe3\x81\x91\xe3\x81\xa9\xe3\x80\x81\xe8\xa6\x96\xe8\x81\xb4\xe8\x80\x85\xe3\x81\x95\xe3\x82\x93\xe5\x81\xb4\xe3\x81\xab\xe3\x82\x82\xe5\xbf\xb5\xe3\x81\xae\xe3\x81\x9f\xe3\x82\x81\xe8\x81\x9e\xe3\x81\x84\xe3\x81\xa6\xe3\x82\x82\xe3\x82\x89\xe3\x81\x8a\xe3\x81\x86\xe3\x81\x8b\xe3\x81\x97\xe3\x81\xbe\xe3\x81\x97\xe3\x82\x87\xe3\x81\x86\xe4\xba\x86\xe8\xa7\xa3'
8.215343750000002,8.704718750000001,b'SPEAKER_01',b'\xe3\x81\xa0\xe3\x82\x8c?'
9.970343750000001,10.476593750000003,b'SPEAKER_01',b'\xe3\x81\x82\xe3\x80\x81\xe3\x81\xa0\xe2\x80\xa6'
10.62846875,11.84346875,b'SPEAKER_01',b'\xe3\x81\x8a\xe5\xbe\x85\xe3\x81\x9f\xe3\x81\x9b!\xe3\x81\xbe\xe3\x81\xa3\xe3\x81\x9f!'
12.04596875,15.15096875,b'SPEAKER_01',b'2\xe6\xac\xa1\xe5\x8f\x82\xe4\xba\x8b\xe6\x89\x80\xe5\xb1\x9e\xe5\x85\xac\xe5\xbc\x8f\xe7\xbe\x8e\xe5\xb0\x91\xe5\xa5\xb3\xe9\x80\xa3\xe8\xbc\xaa\xe8\xa9\xa6\xe5\x90\x88\xe5\xa0\xb4\xe3\x81\xae'
15.387218750000002,20.669093750000002,b'SPEAKER_01',b'\xe3\x82\xa2\xe3\x83\xb3\xe3\x82\xb8\xe3\x83\xa5!\xe3\x82\xab\xe3\x83\x88\xe3\x83\xaa\xe3\x83\xbc\xe3\x83\x8a\xe3\x81\xa0!\xe3\x82\x88\xe3\x82\x8d\xe3\x81\x97\xe3\x81\x8f\xe3\x81\x8a\xe9\xa1\x98\xe3\x81\x84\xe3\x81\x97\xe3\x81\xbe\xe3\x83\xbc\xe3\x81\x99\xe3\x81\x93\xe3\x82\x93\xe3\x81\xaa\xe6\x84\x9f\xe3\x81\x98\xe3\x81\xaa\xe3\x82\x93\xe3\x81\xa0\xe3\x81\xa3\xe3\x81\x91\xe3\x80\x81\xe3\x82\xb3\xe3\x83\xa9\xe3\x83\x9c\xe3\x81\xae\xe6\x99\x82'
25.10721875,29.157218750000002,b'SPEAKER_01',b'\xe8\xa3\x8f\xe3\x81\xa7\xe3\x81\xaf\xe5\x85\x83\xe6\xb0\x97\xe3\x81\xaa\xe3\x81\x84\xe3\x81\xbf\xe3\x81\x9f\xe3\x81\x84\xe3\x81\xaa\xe3\x81\x9d\xe3\x82\x93\xe3\x81\xaa\xe3\x81\x93\xe3\x81\xa8\xe3\x81\xaa\xe3\x81\x84'
25.664093750000003,25.96784375,b'SPEAKER_02',b'\xe8\xa3\x8f\xe8\xbf\x94\xe3\x81\x97'
25.96784375,26.05221875,b'SPEAKER_00',b'\xe3\x81\x94\xe8\xa6\x96\xe8\x81\xb4\xe3\x81\x82\xe3\x82\x8a\xe3\x81\x8c\xe3\x81\xa8\xe3\x81\x86\xe3\x81\x94\xe3\x81\x96\xe3\x81\x84\xe3\x81\xbe\xe3\x81\x97\xe3\x81\x9f!'
31.367843750000002,33.47721875,b'SPEAKER_01',b'\xe3\x81\xa1\xe3\x82\x87\xe3\x81\xa3\xe3\x81\xa8\xe3\x81\x8a\xe8\x85\xb9\xe7\x97\x9b\xe3\x82\x81\xe3\x81\xa6\xe3\x81\x9f\xe3\x81\xaa\xe3\x81\xa3\xe3\x81\xa6\xe6\x80\x9d\xe3\x81\xa3\xe3\x81\xa6'
31.50284375,31.75596875,b'SPEAKER_00',b''
34.439093750000005,34.69221875,b'SPEAKER_01',b'\xe3\x81\x94\xe8\xa6\x96\xe8\x81\xb4\xe3\x81\x82\xe3\x82\x8a\xe3\x81\x8c\xe3\x81\xa8\xe3\x81\x86\xe3\x81\x94\xe3\x81\x96\xe3\x81\x84\xe3\x81\xbe\xe3\x81\x97\xe3\x81\x9f'
34.74284375,34.759718750000005,b'SPEAKER_01',b''
35.36721875,35.805968750000005,b'SPEAKER_01',b''
36.025343750000005,37.189718750000004,b'SPEAKER_01',b'\xe9\xb3\xa5\xe8\x87\x93\xe6\xb0\xb4\xe9\xa3\x9f\xe3\x81\xb9\xe3\x81\xa6\xe3\x82\x8b'
38.11784375,39.299093750000004,b'SPEAKER_01',b'\xe7\x84\xa1\xe4\xba\x8b\xe3\x81\xaa\xe3\x82\x89\xe3\x81\x84\xe3\x81\x84\xe3\x82\x93\xe3\x81\xa0'
40.39596875,40.85159375,b'SPEAKER_01',b'\xe3\x81\xa9\xe3\x81\x86\xe3\x81\x9e'
44.361593750000004,48.96846875,b'SPEAKER_01',b'\xe6\xaf\x8e\xe5\xba\xa6\xe3\x83\x98\xe3\x83\xab\xe3\x82\xb9\xe3\x82\xbf\xe3\x81\xae\xe5\x8c\x97\xe5\xa4\xa7\xe4\xba\x8c\xe5\x85\xac\xe5\xa5\xb3\xe3\x83\xaa\xe3\x82\xbc\xe3\x83\xbb\xe3\x83\x98\xe3\x83\xab\xe3\x82\xb9\xe3\x82\xbf\xe3\x81\xa7\xe3\x81\x99 \xe3\x82\x88\xe3\x82\x8d\xe3\x81\x97\xe3\x81\x8f\xe3\x81\x8a\xe9\xa1\x98\xe3\x81\x84\xe3\x81\x97\xe3\x81\xbe\xe3\x81\x99'
45.49221875,46.774718750000005,b'SPEAKER_02',b'\xe3\x83\x98\xe3\x83\xab\xe3\x82\xb9\xe3\x82\xbf\xe3\x83\xbc\xe3\x81\xaf\xe9\xa3\x9f\xe6\x9d\x90\xe3\x81\xab'
46.774718750000005,46.85909375,b'SPEAKER_00',b'\xe3\x81\x94\xe8\xa6\x96\xe8\x81\xb4\xe3\x81\x82\xe3\x82\x8a\xe3\x81\x8c\xe3\x81\xa8\xe3\x81\x86\xe3\x81\x94\xe3\x81\x96\xe3\x81\x84\xe3\x81\xbe\xe3\x81\x97\xe3\x81\x9f!'
50.94284375,51.48284375,b'SPEAKER_01',b''
51.80346875,52.34346875,b'SPEAKER_01',b'\xe3\x81\x93\xe3\x81\xa3\xe3\x81\xa1\xe3\x82\x92?'
54.385343750000004,55.195343750000006,b'SPEAKER_01',b'\xe8\xaa\xb0\xe3\x81\x8b\xe6\x98\xa0\xe3\x81\xa3\xe3\x81\xa6\xe3\x82\x93\xe3\x81\xaaw'
56.376593750000005,57.203468750000006,b'SPEAKER_01',b'\xe8\xaa\xb0\xe3\x81\x8b\xe6\xa0\xbc\xe3\x81\x8c'
57.659093750000004,59.66721875,b'SPEAKER_01',b'\xe3\x83\x89\xe3\x82\xa2\xe3\x81\x8c\xe6\x98\xa0\xe3\x81\x97\xe3\x81\xa6\xe3\x81\x97\xe3\x81\xbe\xe3\x81\xa3\xe3\x81\x9f'
60.713468750000004,61.50659375,b'SPEAKER_01',b'\xe3\x81\x88\xe3\x81\xa3\xe3\x81\xa8'
64.83096875000001,64.99971875,b'SPEAKER_01',b'\xe3\x81\x94\xe8\xa6\x96\xe8\x81\xb4\xe3\x81\x82\xe3\x82\x8a\xe3\x81\x8c\xe3\x81\xa8\xe3\x81\x86\xe3\x81\x94\xe3\x81\x96\xe3\x81\x84\xe3\x81\xbe\xe3\x81\x97\xe3\x81\x9f!'
66.28221875,66.83909375,b'SPEAKER_01',b'\xe3\x81\xaa\xe3\x81\x8b\xe3\x81\x84'
67.83471875000001,78.58409375000001,b'SPEAKER_01',b'\xe3\x83\xaa\xe3\x82\xbc\xe3\x81\xae\xe6\x8c\xa8\xe6\x8b\xb6\xe3\x81\x8c\xe3\x83\x90\xe3\x83\x83\xe3\x81\xa8\xe5\x87\xba\xe3\x81\xaa\xe3\x81\x84\xe3\x81\xa3\xe3\x81\xa6\xe8\xa9\xb1\xe3\x81\x97\xe3\x81\xa6\xe3\x82\x8b\xe3\x82\x88\xe3\x81\x82\xe3\x81\xae\xe3\x80\x81\xe6\x8c\xa8\xe6\x8b\xb6\xe3\x81\xaa\xe3\x81\x84\xe3\x81\x9d\xe3\x81\x86\xe3\x80\x81\xe3\x81\xa0\xe3\x81\x8b\xe3\x82\x89\xe3\x81\x93\xe3\x81\x86\xe7\xab\x8b\xe6\xb4\xbe\xe3\x81\xaa\xe6\x83\x85\xe5\x8b\xa2\xe3\x81\xab\xe3\x81\xaa\xe3\x82\x8b\xe3\x81\x9f\xe3\x82\x81\xe3\x81\xa0\xe3\x81\xa3\xe3\x81\xa6\xe5\xb7\xa5\xe5\xa0\xb4\xe3\x81\xaf\xe8\x87\xaa\xe5\x88\x86\xe3\x81\xae\xe3\x82\x84\xe3\x81\xa4\xe8\xa8\x80\xe3\x81\xa3\xe3\x81\xa6\xe8\xb2\xbc\xe3\x81\xa3\xe3\x81\x9f\xe3\x81\x8b\xe3\x82\x89'
73.08284375000001,73.69034375000001,b'SPEAKER_00',b''
76.40721875,77.41971875,b'SPEAKER_00',b'\xe5\x90\x91\xe4\xb8\x8a\xe3\x81\xaf\xe8\x87\xaa\xe5\x88\x86\xe3\x81\xae'
79.71471875,86.02596875,b'SPEAKER_01',b'\xe6\xaf\x8e\xe5\xba\xa6\xe3\x81\xa0\xe3\x81\x91\xe6\x8c\x81\xe3\x81\xa3\xe3\x81\xa6\xe3\x81\xa6 \xe5\xb7\xa5\xe5\xa0\xb4\xe3\x81\xaf\xe8\x87\xaa\xe5\x88\x86\xe3\x81\xae\xe8\xa8\x80\xe3\x81\xa3\xe3\x81\xa6\xe8\xb2\xbc\xe3\x81\xa3\xe3\x81\x9f\xe3\x81\x8b\xe3\x82\x89\xe3\x81\x9d\xe3\x81\x86\xe3\x81\xaa\xe3\x81\xa3\xe3\x81\xa6\xe3\x81\x8f\xe3\x82\x8b\xe3\x82\x93\xe3\x81\xa0\xe3\x81\x97\xe6\xaf\x8e\xe5\xba\xa6\xe6\xb6\x88\xe3\x81\x99\xe3\x81\xa0\xe3\x81\x91\xe3\x81\xab\xe3\x81\xaa\xe3\x81\xa3\xe3\x81\xa6'
83.61284375000001,84.32159375,b'SPEAKER_00',b''
84.52409375,84.91221875000001,b'SPEAKER_00',b'\xe3\x83\x9e\xe3\x82\xa4\xe3\x83\x89!'
87.22409375000001,88.96221875,b'SPEAKER_01',b'\xe3\x81\x9d\xe3\x81\x93\xe3\x81\xa7\xe4\xbd\x8f\xe3\x81\xbe\xe3\x82\x8c\xe3\x81\x9f\xe3\x81\xa0\xe3\x81\x91'
89.19846875,94.21034375,b'SPEAKER_01',b'\xe5\x85\xac\xe5\xbc\x8f\xe3\x81\xa4\xe3\x82\x88\xe3\x81\xa4\xe3\x82\x88\xe3\x82\xb1\xe3\x83\xab\xe3\x83\x99\xe3\x83\xad\xe3\x82\xb9\xe3\x81\x8b\xe3\x82\x89\xe3\x81\xa0\xe3\x81\x91\xe3\x82\x84\xe3\x81\xa3\xe3\x81\xa6\xe3\x82\x82\xe3\x82\x89\xe3\x81\x88\xe3\x81\x9f\xe3\x82\x89\xe3\x81\xa1\xe3\x82\x87\xe3\x81\x86\xe3\x81\xa9\xe5\x90\x88\xe3\x82\x8f\xe3\x81\x9b\xe3\x81\x9f\xe6\x99\x82\xe3\x81\xab'
89.29971875000001,90.16034375000001,b'SPEAKER_00',b''
93.45096875,94.04159375,b'SPEAKER_00',b''
94.75034375,96.03284375000001,b'SPEAKER_01',b'\xe3\x81\x8b\xe3\x81\x99\xe3\x81\x8f\xe2\x80\xa6'
95.07096875,95.69534375,b'SPEAKER_00',b'\xe3\x83\xadunkES'
96.03284375000001,96.55596875,b'SPEAKER_00',b'\xe3\x82\xad\xe3\x83\xa3\xe3\x83\xa9\xe3\x82\xaf\xe3\x82\xbf\xe3\x83\xbc!'
96.55596875,97.02846875,b'SPEAKER_01',b''
97.51784375000001,97.90596875,b'SPEAKER_01',b''
99.52596875,99.54284375,b'SPEAKER_00',b'\xe3\x81\x94\xe8\xa6\x96\xe8\x81\xb4\xe3\x81\x82\xe3\x82\x8a\xe3\x81\x8c\xe3\x81\xa8\xe3\x81\x86\xe3\x81\x94\xe3\x81\x96\xe3\x81\x84\xe3\x81\xbe\xe3\x81\x97\xe3\x81\x9f'
99.54284375,100.31909375000001,b'SPEAKER_01',b' Ni'
103.17096875,104.04846875000001,b'SPEAKER_01',b'\xe3\x81\xaa\xe3\x82\x93\xe3\x81\x8b'
104.25096875000001,107.18721875,b'SPEAKER_01',b'\xe5\xae\x9f\xe7\x89\xa9\xe3\x82\x88\xe3\x82\x8a\xe5\x8f\xaf\xe6\x84\x9b\xe3\x81\x8b\xe3\x81\xa3\xe3\x81\x9f\xe3\x82\x93\xe3\x81\xa0\xe3\x81\x91\xe3\x81\xa9\xe3\x83\x9e\xe3\x82\xa4\xe3\x83\x89\xe3\x81\xaa\xe3\x81\x84\xe3\x81\xa8\xe3\x81\x9d\xe3\x81\x86\xe3\x81\xaa\xe3\x81\xae?'
105.98909375000001,106.29284375,b'SPEAKER_00',b'\xe3\x83\x9e\xe3\x82\xa4\xe3\x82\xaf!'
106.44471875,106.57971875000001,b'SPEAKER_00',b''
106.61346875000001,106.88346875,b'SPEAKER_00',b''
109.16159375000001,110.22471875000001,b'SPEAKER_01',b'\xe3\x82\xbb\xe3\x83\x90\xe3\x82\xb9\xe3\x82\x88\xe3\x82\x8a\xe3\x81\xae'
111.05159375000001,114.00471875000001,b'SPEAKER_01',b'\xe6\x9c\x9d\xe3\x81\xae\xe9\x85\x8d\xe4\xbf\xa1\xe3\x81\xa7\xe3\x81\x9f\xe3\x81\xbe\xe3\x81\xab\xe3\x82\xb5\xe3\x83\xbc\xe3\x83\x93\xe3\x82\xb9\xe3\x81\x97\xe3\x81\xa6\xe3\x82\x8b\xe6\x99\x82\xe3\x81\xae\xe3\x81\xa8\xe3\x81\x93\xe3\x81\x98\xe3\x82\x83\xe3\x82\x93'
119.92784375000001,125.95221875000001,b'SPEAKER_01',b'\xe3\x82\x8f\xe3\x81\x8b\xe3\x82\x93\xe3\x81\xaa\xe3\x81\x8b\xe3\x81\xa3\xe3\x81\x9f\xe3\x81\x93\xe3\x81\x93\xe3\x81\xae\xe8\x82\x9d\xe3\x83\x80\xe3\x83\xa1\xe3\x83\xbc\xe3\x82\xb8\xe3\x81\xaf\xe3\x81\x84\xe3\x81\x9f\xe3\x82\x82\xe3\x82\x93\xe3\x81\xad\xe4\xb8\x80\xe4\xba\xba\xe7\x94\xa8\xe3\x81\xae\xe3\x82\x84\xe3\x81\xa4\xe3\x81\xaf\xe3\x81\x84\xe3\x81\x9f\xe3\x81\x84\xe3\x81\x9f\xe3\x81\xa1\xe3\x81\xa3\xe3\x81\xa1\xe3\x82\x83\xe3\x81\x84\xe3\x83\x9b\xe3\x83\xa9\xe3\x83\xbc\xe3\x83\x8f\xe3\x82\xa6\xe3\x82\xb9\xe3\x81\xa7\xe3\x81\x84\xe3\x81\x9f\xe3\x82\x84\xe3\x81\xa4\xe3\x81\xad\xe3\x81\x82\xe3\x82\x8c?'
121.71659375,122.44221875000001,b'SPEAKER_00',b''
126.55971875,127.50471875000001,b'SPEAKER_01',b'\xe3\x81\x93\xe3\x82\x8c\xe3\x81\x98\xe3\x82\x83\xe3\x81\xaa\xe3\x81\x84? \xe6\x8c\x91\xe6\x88\xa6'
128.36534375,131.82471875000002,b'SPEAKER_01',b'\xe3\x81\x82\xe3\x80\x81\xe3\x82\x82\xe3\x81\x861\xe6\x9e\x9a\xe3\x81\xa0!\xe7\xa7\x813\xe6\x9e\x9a\xe8\xb2\xb0\xe3\x81\xa3\xe3\x81\x9f\xe3\x81\x8b\xe3\x82\x89'
128.95596875,130.84596875,b'SPEAKER_00',b'1\xe6\x9e\x9a\xe3\x81\xa0'
132.51659375,134.00159375,b'SPEAKER_01',b'\xe3\x82\xad\xe3\x82\xb9\xe3\x83\x94\xe3\x83\xb3\xe3\x81\xab1\xe6\x9e\x9a\xe3\x81\x9a\xe3\x81\xa4\xe5\x9b\x9e\xe3\x81\x9d\xe3\x81\x86\xe3\x82\x84'
134.45721875,136.58346875,b'SPEAKER_01',b'\xe3\x81\x82\xe3\x83\xbc\xe3\x81\xaa\xe3\x82\x8b\xe3\x81\xbb\xe3\x81\xa9\xe3\x80\x81\xe3\x81\x9d\xe3\x81\x86\xe3\x81\x84\xe3\x81\x86\xe6\x84\x8f\xe5\x9b\xb3\xe3\x81\xa73\xe3\x81\xa0\xe3\x81\xa3\xe3\x81\x9f\xe3\x81\xae\xe3\x81\x8b\xe3\x81\xaa?'
136.80284375000002,137.42721875,b'SPEAKER_01',b'\xe3\x81\xa9\xe3\x81\x86\xe3\x81\x9e'
138.00096875,138.28784375,b'SPEAKER_01',b'\xe3\x81\xbb\xe3\x81\x84'
140.07659375,140.70096875000002,b'SPEAKER_01',b'\xe4\xbb\xa5\xe4\xb8\x8a'
141.35909375,142.23659375,b'SPEAKER_01',b'\xe8\xa1\x8c\xe3\x81\xa3\xe3\x81\xa6\xe3\x81\xbf\xe3\x81\xa6\xe3\x82\x88\xe3\x81\x8b'
142.55721875,143.21534375000002,b'SPEAKER_01',b'\xe3\x81\xa9\xe3\x81\x86\xe3\x81\x9e\xe3\x81\xa9\xe3\x81\x86\xe3\x81\x9e'
143.99159375000002,147.72096875,b'SPEAKER_01',b'1\xe7\xad\x89\xe9\x87\x912\xe7\xad\x89\xe9\x9d\x92\xe3\x81\x93\xe3\x81\x93\xe3\x81\xaa\xe3\x82\x93\xe3\x81\x8b\xe5\xa5\xa5\xe3\x81\xab\xe3\x81\xad\xe6\x9b\xb8\xe3\x81\x84\xe3\x81\xa6\xe3\x81\x82\xe3\x82\x8b\xe3\x82\x8f'
149.17221875,150.79221875000002,b'SPEAKER_01',b'\xe3\x81\x82\xe3\x83\xbc\xe3\x81\xaa\xe3\x82\x93\xe3\x81\x8b\xe5\x89\x8d\xe3\x81\x82\xe3\x81\xa3\xe3\x81\x9f\xe6\xb0\x97\xe3\x81\x8c\xe3\x81\x99\xe3\x82\x8b'
151.04534375,153.86346875,b'SPEAKER_01',b'\xe3\x81\x82\xe3\x80\x81\xe3\x83\x81\xe3\x83\xa5\xe3\x83\xbc\xe3\x83\xab\xe3\x81\xa8\xe3\x81\x8b\xe3\x81\x9d\xe3\x81\x86\xe3\x81\x84\xe3\x81\x86\xe3\x81\xae\xe3\x82\x84\xe3\x81\xa3\xe3\x81\xa6\xe3\x81\x9f\xe3\x81\xad'
152.47971875000002,153.81284375,b'SPEAKER_00',b'\xe3\x81\x9d\xe3\x81\x86\xe3\x81\x84\xe3\x81\x88\xe3\x81\xb0\xe3\x82\x84\xe3\x81\xa3\xe3\x81\xa6\xe3\x81\x9f\xe3\x81\xad'
154.21784375000001,157.50846875000002,b'SPEAKER_01',b'\xe3\x81\x82\xe3\x81\xa3\xe3\x81\x9f\xe3\x81\x82\xe3\x81\xa3\xe3\x81\x9f\xe3\x80\x81\xe7\x8c\xab\xe3\x81\x8c\xe3\x81\xad\xe3\x80\x81\xe3\x82\x81\xe3\x81\xa3\xe3\x81\xa1\xe3\x82\x83\xe5\x96\x9c\xe3\x81\xb6\xe3\x82\x93\xe3\x81\xa0\xe3\x82\x88\xe3\x81\xad\xe3\x81\x93\xe3\x81\x86\xe3\x81\x84\xe3\x81\x86\xe3\x81\xae\xe3\x81\xa7\xe3\x82\x82\xe3\x81\x95\xe3\x80\x81\xe3\x81\xaa\xe3\x82\x93\xe3\x81\x8b'
156.07409375,156.25971875000002,b'SPEAKER_00',b''
158.47034375,160.27596875,b'SPEAKER_01',b'3\xe7\xad\x89\xe3\x81\x90\xe3\x82\x89\xe3\x81\x84\xe3\x81\xae\xe3\x82\x84\xe3\x81\xa4\xe6\xac\xb2\xe3\x81\x97\xe3\x81\x84\xe3\x81\xa8\xe3\x81\x8d\xe3\x81\xab'
160.54596875000001,163.51596875,b'SPEAKER_01',b'3\xe7\xad\x89\xe2\x80\xa6\xe3\x81\x84\xe3\x82\x84\xe7\xa2\xba\xe3\x81\x8b\xe3\x81\xab\xe3\x82\xa6\xe3\x83\x81\xe3\x81\xaf\xe6\xac\xb2\xe3\x81\x97\xe3\x81\x84\xe3\x81\xaa\xe8\xa1\x8c\xe3\x81\x8f\xe3\x81\x9e!'
164.08971875,164.84909375,b'SPEAKER_01',b'\xe3\x81\xab\xe3\x83\xbc\xe3\x81\xaa'
166.51971875,166.82346875000002,b'SPEAKER_01',b'\xe3\x81\xab\xe3\x81\xa3'
166.97534375,169.11846875,b'SPEAKER_01',b'\xe5\xb7\xa6\xe4\xb8\x8b\xe3\x81\xae\xe3\x83\xac\xe3\x83\x90\xe3\x83\xbc\xe3\x82\x92\xe4\xb8\x8b\xe3\x81\x92\xe3\x81\xa6\xe5\x9b\x9e\xe8\xbb\xa2\xe3\x82\xb9\xe3\x82\xbf\xe3\x83\xbc\xe3\x83\x88'
167.83596875,167.95409375,b'SPEAKER_02',b'\xe3\x81\x94\xe8\xa6\x96\xe8\x81\xb4\xe3\x81\x82\xe3\x82\x8a\xe3\x81\x8c\xe3\x81\xa8\xe3\x81\x86\xe3\x81\x94\xe3\x81\x96\xe3\x81\x84\xe3\x81\xbe\xe3\x81\x97\xe3\x81\x9f'
168.10596875000002,168.15659375,b'SPEAKER_02',b''
169.87784375,171.68346875,b'SPEAKER_01',b'\xe3\x83\x94\xe3\x83\xad\xe3\x83\x94\xe3\x83\xad\xe3\x82\xad\xe3\x83\xa3\xe3\x83\xb3\xe3\x83\x87\xe3\x82\xa3\xe3\x81\x93\xe3\x82\x8c\xe3\x81\x8b!\xe3\x81\x84\xe3\x81\x8f\xe3\x82\x88!'
171.90284375000002,173.03346875,b'SPEAKER_01',b'\xe3\x81\xbd\xe3\x81\x84!'
173.60721875000002,176.83034375,b'SPEAKER_01',b'\xe3\x81\x8a!\xe5\x9b\x9e\xe3\x81\xa3\xe3\x81\xa6\xe3\x82\x8b\xe5\x9b\x9e\xe3\x81\xa3\xe3\x81\xa6\xe3\x82\x8b!\xe5\x9b\x9e\xe3\x81\xa3\xe3\x81\xa6\xe3\x82\x8b\xe5\x9b\x9e\xe3\x81\xa3\xe3\x81\xa6\xe3\x82\x8b!\xe3\x83\xac\xe3\x83\x90\xe3\x83\xbc\xe3\x82\x92\xe4\xb8\x8a\xe3\x81\x92\xe3\x81\xa6\xe5\x9b\x9e\xe8\xbb\xa2\xe3\x82\xb9\xe3\x83\x88\xe3\x83\x83\xe3\x83\x97!'
174.38346875000002,175.61534375000002,b'SPEAKER_00',b''
176.94846875000002,177.15096875,b'SPEAKER_01',b'\xe3\x81\x94\xe8\xa6\x96\xe8\x81\xb4\xe3\x81\x82\xe3\x82\x8a\xe3\x81\x8c\xe3\x81\xa8\xe3\x81\x86\xe3\x81\x94\xe3\x81\x96\xe3\x81\x84\xe3\x81\xbe\xe3\x81\x97\xe3\x81\x9f'
177.42096875000001,178.51784375,b'SPEAKER_01',b'\xe3\x81\x84\xe3\x81\x8f\xe3\x82\x88!\xe3\x81\x82\xe3\x81\x92\xe3\x82\x8b\xe3\x82\x88!\xe6\x9d\xa5\xe3\x81\x84!'
178.58534375000002,179.02409375000002,b'SPEAKER_01',b'\xe3\x81\xbb\xe3\x81\x84!'
179.73284375,184.96409375000002,b'SPEAKER_01',b'\xe4\xb8\x80\xe7\xad\x89\xe3\x81\x98\xe3\x82\x83\xe3\x81\xad!?\xe4\xb8\x80\xe7\xad\x89\xe3\x81\x98\xe3\x82\x83\xe3\x82\x93!\xe3\x81\x88\xe3\x80\x81\xe5\x98\x98!?\xe3\x83\xa8\xe3\x83\xbc\xe3\x83\x81\xe3\x82\xa7\xe3\x83\xab!\xe3\x83\xa8\xe3\x83\xbc\xe3\x83\x81\xe3\x82\xa7\xe3\x83\xab\xe3\x81\xa0\xe3\x83\xbc!'
180.34034375000002,180.89721875,b'SPEAKER_00',b'\xe3\x81\x98\xe3\x82\x83\xe3\x81\xad!?'
183.86721875,184.62659375,b'SPEAKER_00',b'\xe9\x81\x95\xe3\x81\x86!'
184.62659375,184.69409375,b'SPEAKER_02',b''
185.92596875,189.03096875,b'SPEAKER_01',b'\xe3\x81\x8a\xe3\x82\x81\xe3\x81\xa7\xe3\x81\xa8\xe3\x81\x86\xe3\x81\xa3\xe3\x81\xa6\xe6\x9b\xb8\xe3\x81\x84\xe3\x81\xa6\xe3\x81\x82\xe3\x82\x8b!\xe3\x81\x99\xe3\x81\x92\xe3\x83\xbc!\xe3\x81\xad\xe3\x81\x88\xe3\x80\x81\xe3\x81\xbb\xe3\x82\x93\xe3\x81\xa8\xe3\x81\x8a\xe3\x82\x81\xe3\x81\xa7\xe3\x81\xa8\xe3\x81\x86\xe3\x81\xa3\xe3\x81\xa6\xe6\x9b\xb8\xe3\x81\x84\xe3\x81\xa6\xe3\x81\x82\xe3\x82\x8b'
187.20846875,188.15346875,b'SPEAKER_00',b'\xe3\x81\xaf\xe3\x81\x84\xe3\x80\x81\xe3\x81\x8a\xe7\x96\xb2\xe3\x82\x8c\xe6\xa7\x98\xe3\x81\xa7\xe3\x81\x97\xe3\x81\x9f\xe3\x80\x82'
188.15346875,188.28846875000002,b'SPEAKER_02',b'\xe3\x81\x94\xe8\xa6\x96\xe8\x81\xb4\xe3\x81\x82\xe3\x82\x8a\xe3\x81\x8c\xe3\x81\xa8\xe3\x81\x86\xe3\x81\x94\xe3\x81\x96\xe3\x81\x84\xe3\x81\xbe\xe3\x81\x97\xe3\x81\x9f!'
188.28846875000002,188.32221875000002,b'SPEAKER_00',b''
190.21221875,191.89971875,b'SPEAKER_01',b'\xe3\x82\x84\xe3\x82\x8b\xe3\x81\xad!\xe3\x82\x84\xe3\x81\xa3\xe3\x81\x9f\xe3\x83\xbc!'
192.20346875,192.81096875,b'SPEAKER_02',b'\xe3\x81\xad\xe3\x81\xa3\xe3\x81\xad\xe3\x81\xa3\xe3\x81\xad\xe3\x81\xa3\xe3\x81\xad\xe3\x81\xa3\xe3\x81\xad\xe3\x81\xa3\xe3\x81\xad\xe3\x81\xa3\xe3\x81\xad\xe3\x81\xa3\xe3\x81\xad\xe3\x81\xa3\xe3\x81\xad\xe3\x81\xa3\xe3\x81\xad\xe3\x81\xa3\xe3\x81\xad\xe3\x81\xa3\xe3\x81\xad\xe3\x81\xa3\xe3\x81\xad\xe3\x81\xa3\xe3\x81\xad\xe3\x81\xa3\xe3\x81\xad\xe3\x81\xa3\xe3\x81\xad\xe3\x81\xa3\xe3\x81\xad\xe3\x81\xa3\xe3\x81\xad\xe3\x81\xa3\xe3\x81\xad\xe3\x81\xa3\xe3\x81\xad\xe3\x81\xa3\xe3\x81\xad\xe3\x81\xa3\xe3\x81\xad\xe3\x81\xa3\xe3\x81\xad\xe3\x81\xa3\xe3\x81\xad\xe3\x81\xa3\xe3\x81\xad\xe3\x81\xa3\xe3\x81\xad\xe3\x81\xa3\xe3\x81\xad\xe3\x81\xa3\xe3\x81\xad\xe3\x81\xa3\xe3\x81\xad\xe3\x81\xa3\xe3\x81\xad\xe3\x81\xa3\xe3\x81\xad\xe3\x81\xa3\xe3\x81\xad\xe3\x81\xa3\xe3\x81\xad\xe3\x81\xa3\xe3\x81\xad\xe3\x81\xa3\xe3\x81\xad\xe3\x81\xa3\xe3\x81\xad\xe3\x81\xa3\xe3\x81\xad\xe3\x81\xa3\xe3\x81\xad\xe3\x81\xa3\xe3\x81\xad\xe3\x81\xa3\xe3\x81\xad\xe3\x81\xa3\xe3\x81\xad\xe3\x81\xa3\xe3\x81\xad\xe3\x81\xa3\xe3\x81\xad\xe3\x81\xa3\xe3\x81\xad\xe3\x81\xa3\xe3\x81\xad\xe3\x81\xa3\xe3\x81\xad\xe3\x81\xa3\xe3\x81\xad\xe3\x81\xa3\xe3\x81\xad\xe3\x81\xa3\xe3\x81\xad\xe3\x81\xa3\xe3\x81\xad\xe3\x81\xa3\xe3\x81\xad\xe3\x81\xa3\xe3\x81\xad\xe3\x81\xa3\xe3\x81\xad\xe3\x81\xa3\xe3\x81\xad\xe3\x81\xa3\xe3\x81\xad\xe3\x81\xa3\xe3\x81\xad\xe3\x81\xa3\xe3\x81\xad\xe3\x81\xa3\xe3\x81\xad\xe3\x81\xa3\xe3\x81\xad\xe3\x81\xa3\xe3\x81\xad\xe3\x81\xa3\xe3\x81\xad\xe3\x81\xa3\xe3\x81\xad\xe3\x81\xa3\xe3\x81\xad\xe3\x81\xa3\xe3\x81\xad\xe3\x81\xa3\xe3\x81\xad\xe3\x81\xa3\xe3\x81\xad\xe3\x81\xa3\xe3\x81\xad\xe3\x81\xa3\xe3\x81\xad\xe3\x81\xa3\xe3\x81\xad\xe3\x81\xa3\xe3\x81\xad\xe3\x81\xa3\xe3\x81\xad\xe3\x81\xa3\xe3\x81\xad\xe3\x81\xa3\xe3\x81\xad\xe3\x81\xa3\xe3\x81\xad\xe3\x81\xa3\xe3\x81\xad\xe3\x81\xa3\xe3\x81\xad\xe3\x81\xa3\xe3\x81\xad\xe3\x81\xa3\xe3\x81\xad\xe3\x81\xa3\xe3\x81\xad\xe3\x81\xa3\xe3\x81\xad\xe3\x81\xa3\xe3\x81\xad\xe3\x81\xa3\xe3\x81\xad\xe3\x81\xa3\xe3\x81\xad\xe3\x81\xa3\xe3\x81\xad\xe3\x81\xa3\xe3\x81\xad\xe3\x81\xa3\xe3\x81\xad\xe3\x81\xa3\xe3\x81\xad\xe3\x81\xa3\xe3\x81\xad\xe3\x81\xa3\xe3\x81\xad\xe3\x81\xa3\xe3\x81\xad\xe3\x81\xa3\xe3\x81\xad\xe3\x81\xa3\xe3\x81\xad\xe3\x81\xa3\xe3\x81\xad\xe3\x81\xa3\xe3\x81\xad\xe3\x81\xa3\xe3\x81\xad\xe3\x81\xa3\xe3\x81\xad\xe3\x81\xa3\xe3\x81\xad\xe3\x81\xa3\xe3\x81\xad\xe3\x81\xa3\xe3\x81\xad\xe3\x81\xa3\xe3\x81\xad\xe3\x81\xa3\xe3\x81\xad\xe3\x81\xa3\xe3\x81\xad\xe3\x81\xa3\xe3\x81\xad\xe3\x81\xa3\xe3\x81\xad\xe3\x81\xa3\xe3\x81\xad\xe3\x81\xa3\xe3\x81\xad\xe3\x81\xa3\xe3\x81\xad\xe3\x81\xa3\xe3\x81\xad\xe3\x81\xa3\xe3\x81\xad\xe3\x81\xa3\xe3\x81\xad\xe3\x81\xa3\xe3\x81\xad\xe3\x81\xa3\xe3\x81\xad'
193.19909375,194.76846875,b'SPEAKER_01',b'\xe3\x81\x9d\xe3\x81\x93\xe3\x81\xbe\xe3\x81\xa7\xe5\x85\xa5\xe3\x81\xa3\xe3\x81\xa6\xe3\x81\x82\xe3\x81\x8b\xe3\x82\x93\xe3\x81\x8b\xe3\x82\x89'
194.78534375,197.28284375,b'SPEAKER_01',b' detector\xe3\x81\xaf ramp cats\xe3\x82\x89\xe3\x81\xaf\xe5\x90\x8c\xe6\x99\x82\xe3\x81\xab\xe3\x81\xbb attended'
195.89909375000002,195.93284375000002,b'SPEAKER_02',b''
196.03409375,196.70909375000002,b'SPEAKER_00',b'\xe8\xbf\x91\xe3\x81\x8f\xe3\x81\xa7'
198.12659375,199.39221875,b'SPEAKER_01',b'\xe3\x81\x98\xe3\x82\x83\xe3\x81\x82\xe3\x81\xbb\xe3\x81\xaa\xe3\x82\x84\xe3\x82\x8b\xe3\x81\x8b'
199.74659375000002,200.82659375,b'SPEAKER_01',b'\xe3\x81\x8a\xe3\x80\x81\xe8\xa1\x8c\xe3\x81\x8f\xe3\x82\x93\xe3\x81\xa0\xe3\x82\x88'
201.01221875000002,202.66596875000002,b'SPEAKER_01',b'\xe3\x81\x82\xe3\x80\x81\xe5\xab\x8c\xe3\x81\xa3\xe3\x81\xa6\xe8\xa8\x80\xe3\x82\x8f\xe3\x82\x8c\xe3\x81\x9f\xe3\x81\x82\xe3\x80\x81\xe3\x81\x93\xe3\x82\x8c\xe3\x81\x84\xe3\x81\x84\xe3\x81\xae\xe3\x81\x8b'
203.29034375,207.49221875,b'SPEAKER_01',b'\xe6\xb3\xa8\xe7\xb7\x9a\xe3\x81\x99\xe3\x82\x8b\xe3\x81\x8b\xe3\x82\x89\xe3\x81\x95\xe3\x81\x81\xe4\xbd\x95\xe3\x81\x8c\xe5\x87\xba\xe3\x82\x8b\xe3\x81\x8b\xe3\x81\xaa\xe3\x81\x86\xe3\x81\xa1\xe3\x81\xaf\xe3\x82\x82\xe3\x81\x86\xe5\x8f\xaf\xe6\x84\x9b\xe3\x81\x84\xe5\x8f\xaf\xe6\x84\x9b\xe3\x81\x8f\xe3\x81\xaa\xe3\x81\x84?'
204.18471875,205.23096875000002,b'SPEAKER_00',b'\xe4\xbd\x95\xe3\x81\x8c\xe5\x87\xba\xe3\x82\x8b?'
207.81284375,208.33596875,b'SPEAKER_01',b'\xe3\x81\x93\xe3\x81\x86\xe3\x81\x8b'
208.63971875000001,216.97596875000002,b'SPEAKER_01',b'\xe3\x83\xac\xe3\x83\x90\xe3\x83\xbc\xe3\x81\xa7\xe5\x9b\x9e\xe3\x82\x8b\xe3\x81\xa8\xe3\x81\xaa\xe3\x82\x93\xe3\x82\x82\xe8\xa6\x9a\xe3\x81\x88\xe3\x81\xa6\xe3\x81\xaa\xe3\x81\x84\xe3\x81\xaa\xe3\x82\x93\xe3\x81\xa7\xe3\x81\xaa\xe3\x82\x93\xe3\x81\xa7\xe3\x81\xaa\xe3\x82\x93\xe3\x81\xa7\xe3\x81\xaa\xe3\x82\x93\xe3\x81\x8b\xe3\x81\x88?\xe3\x81\xaa\xe3\x82\x93\xe3\x81\xa7\xe3\x81\xaa\xe3\x82\x93\xe3\x81\xa7\xe3\x81\x8a\xe3\x83\xbc\xe5\x8a\xb9\xe6\x9e\x9c\xe5\x8a\x9b\xe8\x80\x85\xe3\x81\xaa\xe3\x82\x93\xe3\x81\xa7\xe3\x81\xaa\xe3\x82\x93\xe3\x81\xa7\xe3\x81\xaa\xe3\x82\x93\xe3\x81\xa7'
208.87596875000003,209.77034375000002,b'SPEAKER_00',b'\xe3\x81\x88\xe3\x81\x87\xe3\x81\x88\xe3\x81\x87\xe3\x81\x88\xe3\x80\x81\xe3\x81\xaa\xe3\x81\xab?'
211.40721875000003,213.51659375000003,b'SPEAKER_00',b'\xe3\x81\x88?\xe3\x81\x88?\xe3\x81\x88?'
213.78659375,216.90846875000003,b'SPEAKER_00',b'\xe3\x81\xaa\xe3\x82\x93\xe3\x81\xa7\xe3\x81\xaa\xe3\x82\x93\xe3\x81\xa7\xe3\x81\xaa\xe3\x82\x93\xe3\x81\xa7'
217.58346875,220.03034375000001,b'SPEAKER_01',b'\xe3\x82\xb8\xe3\x83\xa5\xe3\x81\x95\xe3\x82\x93\xe3\x81\xae\xe8\xbe\x9b\xe3\x81\x84\xe3\x81\xae\xe6\x98\xa0\xe3\x81\xa3\xe3\x81\x9f?\xe3\x81\xaa\xe3\x82\x93\xe3\x81\xa7\xe6\xae\xba\xe3\x81\x97\xe3\x81\xa6\xe3\x82\x8b?'
223.11846875,223.55721875,b'SPEAKER_01',b'\xe3\x81\xa7\xe3\x82\x82\xe2\x80\xa6'
224.04659375000003,225.98721875,b'SPEAKER_01',b'\xe6\x99\xae\xe9\x80\x9a\xe3\x81\xab\xe3\x81\x8f\xe3\x82\x8c\xe3\x81\x9f\xe3\x80\x81\xe7\x87\x83\xe3\x82\x84\xe3\x81\x97\xe3\x81\x9f\xe3\x82\x89\xe3\x81\x8f\xe3\x82\x8c\xe3\x81\x9f'
228.65346875,231.04971875,b'SPEAKER_01',b'\xe3\x81\x86\xe3\x81\xa1\xe3\x82\x8f\xe3\x81\x9f\xe3\x81\xa3\xe3\x81\x9f\xe3\x82\x93\xe3\x81\xa0\xe3\x81\xad\xe3\x81\x8b\xe3\x82\x8f\xe3\x81\x84\xe3\x81\x84'
229.83471875,229.96971875000003,b'SPEAKER_02',b''
229.96971875000003,230.20596875,b'SPEAKER_00',b''
231.94409375,238.98096875000002,b'SPEAKER_01',b'\xe6\xbf\x80\xe5\x9c\xa7\xe6\xbc\x94\xe5\x87\xba\xe3\x81\xa0\xe3\x81\xa3\xe3\x81\x9f\xe3\x82\x93\xe3\x81\x8b\xe3\x81\xaa?\xe3\x81\x9d\xe3\x81\x86\xe3\x81\x84\xe3\x81\x86\xe3\x81\x93\xe3\x81\xa8\xe3\x80\x81\xe6\xbf\x80\xe5\x9c\xa7\xe3\x81\x8b\xe3\x81\xa3\xe3\x81\x93\xe7\x89\xa9\xe7\x90\x86\xe3\x81\xbf\xe3\x81\x9f\xe3\x81\x84\xe3\x81\xaa\xe3\x81\x93\xe3\x81\xa8\xe3\x81\x93\xe3\x81\xa3\xe3\x81\xa1\xe3\x81\x8b\xe3\x81\x93\xe3\x81\xa3\xe3\x81\xa1\xe3\x81\xbf\xe3\x81\x9f\xe3\x81\x84\xe3\x81\xaa'
233.36159375000003,234.32346875000002,b'SPEAKER_00',b'\xe3\x81\x9d\xe3\x81\x86\xe3\x81\x84\xe3\x81\x86\xe3\x81\x93\xe3\x81\xa8!'
239.30159375000002,243.53721875000002,b'SPEAKER_01',b'\xe3\x81\x82\xe3\x80\x81\xe5\x87\xba\xe3\x81\xa6\xe3\x81\xaa\xe3\x81\x84\xe3\x82\x88\xe3\x81\x86\xe3\x81\xaa\xe3\x80\x82\xe3\x83\x9a\xe3\x83\xab\xe3\x83\x9a\xe3\x83\xab\xe3\x82\xad\xe3\x83\xa3\xe3\x83\xb3\xe3\x83\x87\xe3\x82\xa3\xe5\x8f\xaf\xe6\x84\x9b\xe3\x81\x84\xe3\x81\xaa\xe3\x81\x81\xe3\x80\x82\xe5\x8f\xaf\xe6\x84\x9b\xe3\x81\x84\xe3\x82\x88\xe3\x81\xaa\xe3\x80\x82\xe5\x85\xa8\xe9\x83\xa8\xe5\x8f\xaf\xe6\x84\x9b\xe3\x81\x84\xe3\x80\x81\xe6\xad\xa3\xe7\x9b\xb4\xe3\x80\x82\xe7\xa2\xba\xe3\x81\x8b\xe3\x81\xab\xe3\x80\x81\xe5\x8f\x82\xe5\x8a\xa0\xe5\xa4\x96\xe3\x82\x8c\xe3\x80\x82'
239.31846875000002,241.84971875000002,b'SPEAKER_00',b'\xe3\x81\x82\xe3\x80\x81\xe5\x87\xba\xe3\x81\xa6\xe3\x81\xaa\xe3\x81\x84\xe3\x82\x88\xe3\x81\x86\xe3\x81\xaa\xe3\x83\x9a\xe3\x83\xab\xe3\x83\x9a\xe3\x83\xab\xe3\x82\xad\xe3\x83\xa3\xe3\x83\xb3\xe3\x83\x87\xe3\x82\xa3\xe5\x8f\xaf\xe6\x84\x9b\xe3\x81\x84\xe3\x81\xaa\xe3\x81\x81\xe5\x8f\xaf\xe6\x84\x9b\xe3\x81\x84\xe3\x82\x88\xe3\x81\xaa'
242.27159375000002,242.84534375,b'SPEAKER_00',b'\xe3\x81\xaf\xe3\x81\x84\xe3\x80\x81\xe6\xad\xa3\xe7\x9b\xb4'
242.84534375,242.89596875,b'SPEAKER_02',b''
242.89596875,242.92971875,b'SPEAKER_00',b''
244.97159375,245.81534375,b'SPEAKER_01',b'\xe9\xa0\x91\xe5\xbc\xb5\xe3\x82\x8c\xe9\xa0\x91\xe5\xbc\xb5\xe3\x82\x8c'
246.42284375000003,247.89096875,b'SPEAKER_01',b'\xe3\x81\x8a\xe3\x81\x98\xe3\x81\x95\xe3\x82\x93\xe3\x80\x81\xe3\x81\x8a\xe3\x81\x98\xe3\x81\x95\xe3\x82\x93'
246.64221875,246.74346875,b'SPEAKER_02',b'\xe3\x81\x94\xe8\xa6\x96\xe8\x81\xb4\xe3\x81\x82\xe3\x82\x8a\xe3\x81\x8c\xe3\x81\xa8\xe3\x81\x86\xe3\x81\x94\xe3\x81\x96\xe3\x81\x84\xe3\x81\xbe\xe3\x81\x97\xe3\x81\x9f!'
248.39721875,249.51096875000002,b'SPEAKER_01',b'\xe3\x81\x95\xe3\x81\x82\xe4\xbd\x95\xe3\x81\x8c\xe5\x87\xba\xe3\x82\x8b\xe3\x81\x8b\xe3\x81\xaa'
249.84846875000002,250.99596875,b'SPEAKER_01',b'\xe5\xb7\xa6\xe3\x81\xae\xe3\x83\xac\xe3\x83\x90\xe3\x83\xbc'
252.00846875000002,252.61596875,b'SPEAKER_01',b'\xe3\x81\x9d\xe3\x82\x8c\xe3\x81\x9d\xe3\x82\x8c'
252.07596875000002,252.39659375000002,b'SPEAKER_02',b''
254.03346875000003,254.15159375000002,b'SPEAKER_01',b'\xe3\x81\x94\xe8\xa6\x96\xe8\x81\xb4\xe3\x81\x82\xe3\x82\x8a\xe3\x81\x8c\xe3\x81\xa8\xe3\x81\x86\xe3\x81\x94\xe3\x81\x96\xe3\x81\x84\xe3\x81\xbe\xe3\x81\x97\xe3\x81\x9f'
254.67471875,255.83909375000002,b'SPEAKER_01',b'\xe6\x8c\x81\xe3\x81\xa3\xe3\x81\xa6\xe3\x82\x8b\xe6\x8c\x81\xe3\x81\xa3\xe3\x81\xa6\xe3\x82\x8b'
254.99534375000002,255.43409375000002,b'SPEAKER_02',b''
257.12159375,257.42534375,b'SPEAKER_01',b'\xe3\x81\xbb\xe3\x81\x84'
258.70784375,262.20096875,b'SPEAKER_01',b'\xe3\x81\x82!\xe3\x81\x8a\xe6\x8f\x83\xe3\x81\x84\xe3\x81\xa0!\xe3\x81\x8a\xe6\x8f\x83\xe3\x81\x84\xe3\x82\x84!\xe3\x81\x9d\xe3\x81\x86\xe3\x81\xaa\xe3\x82\x8b\xe3\x81\xa8\xe5\xae\xb6\xe3\x81\xaf\xe3\x81\x84\xe3\x81\x84\xe3\x81\xaa\xe3\x81\x81'
261.10409375,261.12096875000003,b'SPEAKER_02',b'\xe3\x81\x94\xe8\xa6\x96\xe8\x81\xb4\xe3\x81\x82\xe3\x82\x8a\xe3\x81\x8c\xe3\x81\xa8\xe3\x81\x86\xe3\x81\x94\xe3\x81\x96\xe3\x81\x84\xe3\x81\xbe\xe3\x81\x97\xe3\x81\x9f'
261.12096875000003,261.76221875000005,b'SPEAKER_00',b'\xe3\x82\x84\xe3\x81\xa3\xe3\x81\x9f\xe3\x83\xbc!'
261.76221875000005,261.77909375,b'SPEAKER_02',b'\xe3\x81\x94\xe8\xa6\x96\xe8\x81\xb4\xe3\x81\x82\xe3\x82\x8a\xe3\x81\x8c\xe3\x81\xa8\xe3\x81\x86\xe3\x81\x94\xe3\x81\x96\xe3\x81\x84\xe3\x81\xbe\xe3\x81\x97\xe3\x81\x9f'
262.31909375000004,262.45409375,b'SPEAKER_01',b'\xe3\x81\x94\xe8\xa6\x96\xe8\x81\xb4\xe3\x81\x82\xe3\x82\x8a\xe3\x81\x8c\xe3\x81\xa8\xe3\x81\x86\xe3\x81\x94\xe3\x81\x96\xe3\x81\x84\xe3\x81\xbe\xe3\x81\x97\xe3\x81\x9f!'
263.24721875,263.26409375000003,b'SPEAKER_00',b'\xe3\x81\x94\xe8\xa6\x96\xe8\x81\xb4\xe3\x81\x82\xe3\x82\x8a\xe3\x81\x8c\xe3\x81\xa8\xe3\x81\x86\xe3\x81\x94\xe3\x81\x96\xe3\x81\x84\xe3\x81\xbe\xe3\x81\x97\xe3\x81\x9f'
263.26409375000003,265.00221875,b'SPEAKER_01',b'\xe3\x81\xa7\xe3\x82\x82\xe3\x81\x9d\xe3\x82\x8c\xe3\x82\x82\xe7\xa2\xba\xe3\x81\x8b\xe3\x81\xab\xe3\x81\x9d\xe3\x81\x86'
264.12471875,264.32721875000004,b'SPEAKER_00',b''
264.32721875000004,264.46221875000003,b'SPEAKER_02',b'\xe3\x81\x94\xe8\xa6\x96\xe8\x81\xb4\xe3\x81\x82\xe3\x82\x8a\xe3\x81\x8c\xe3\x81\xa8\xe3\x81\x86\xe3\x81\x94\xe3\x81\x96\xe3\x81\x84\xe3\x81\xbe\xe3\x81\x97\xe3\x81\x9f!'
266.28471875,269.99721875,b'SPEAKER_01',b'\xe3\x81\x9d\xe3\x81\x86\xe3\x81\xaa\xe3\x81\xa3\xe3\x81\xa6\xe3\x81\x8f\xe3\x82\x8b\xe3\x81\xa8\xe3\x80\x81\xe3\x81\x9d\xe3\x81\x86\xe3\x81\xaa\xe3\x81\xa3\xe3\x81\xa6\xe3\x81\x8f\xe3\x82\x8b\xe3\x81\xa8\xe7\xa7\x81\xe3\x82\x82\xe5\xae\xb6\xe3\x82\x92\xe6\xac\xb2\xe3\x81\x97\xe3\x81\x84'
266.62221875,270.90846875,b'SPEAKER_02',b'\xe3\x81\x9d\xe3\x81\x86\xe3\x81\xaa\xe3\x81\xa3\xe3\x81\xa6\xe3\x81\x8f\xe3\x82\x8b\xe3\x81\xa8\xe3\x80\x81\xe3\x81\xa1\xe3\x82\x87\xe3\x81\xa3\xe3\x81\xa8\xe7\xa7\x81\xe3\x81\xae\xe5\xae\xb6\xe3\x81\xaf\xe6\xac\xb2\xe3\x81\x97\xe3\x81\x84\xe3\x80\x82'
279.26159375000003,281.38784375,b'SPEAKER_02',b'\xe3\x83\x8e\xe3\x83\xbc\xe3\x82\xbf\xe3\x82\xa4\xe3\x83\xa0\xe3\x81\xa7\xe6\x84\x9b\xe7\xa9\x8d\xe3\x81\x97\xe3\x81\xab\xe8\xa1\x8c\xe3\x81\x8f'
279.48096875000005,281.35409375,b'SPEAKER_00',b'\xe3\x83\x8e\xe3\x83\xbc\xe3\x82\xbf\xe3\x82\xa4\xe3\x83\xa0\xe3\x81\xa7\xe6\x84\x9b\xe7\x9f\xb3\xe3\x81\x97\xe3\x81\xab\xe8\xa1\x8c\xe3\x81\x8f'
284.32409375000003,285.35346875,b'SPEAKER_02',b'\xe3\x81\x8a\xe3\x83\xbc\xe3\x81\xa4\xe3\x81\x8b\xe3\x82\x8c\xe3\x81\x9d\xe3\x81\x86'
291.17534375,294.85409375,b'SPEAKER_01',b'\xe4\xbd\x95\xe3\x82\x92\xe8\x80\x83\xe3\x81\x88\xe3\x81\xa6\xe3\x81\x84\xe3\x82\x8b\xe3\x82\x93\xe3\x81\xa0\xe3\x82\x8d\xe3\x81\x86\xe3\x81\xaa\xe3\x82\x8a\xe3\x82\x93\xe3\x81\x95\xe3\x82\x93\xe3\x81\x93\xe3\x81\xae\xe7\x9e\xac\xe9\x96\x93\xe3\x81\xab\xe3\x81\x82\xe5\x8b\x95\xe3\x81\x84\xe3\x81\x9f'
291.27659375,292.47471875,b'SPEAKER_02',b'\xe4\xbd\x95\xe3\x82\x92\xe6\x9b\xb8\xe3\x81\x8f\xe3\x81\xae\xe3\x81\x8b'
295.64721875000004,298.60034375000004,b'SPEAKER_01',b'\xe3\x81\x82\xe3\x80\x81\xe6\x8a\x95\xe3\x81\x92\xe3\x81\xa6\xe3\x81\x8d\xe3\x81\x9f\xe4\xb8\xbc\xe3\x81\xab\xe6\x8a\x95\xe3\x81\x92\xe3\x81\xa6\xe3\x81\x8f\xe3\x82\x8b\xe3\x81\xae'
295.84971875,296.30534375,b'SPEAKER_00',b'\xe6\x8a\x95\xe3\x81\x92\xe3\x81\xa6\xe3\x81\x8d\xe3\x81\x9f'
297.63846875,298.53284375000004,b'SPEAKER_00',b'\xe9\xa3\x9f\xe3\x81\xb9\xe7\x89\xa9\xe3\x82\x92\xe6\x8a\x95\xe3\x81\x92\xe3\x81\xa6'
300.50721875,302.71784375000004,b'SPEAKER_01',b'\xe3\x82\x8a\xe3\x82\x93\xe3\x81\x95\xe3\x82\x93\xe3\x80\x81\xe7\xa7\x81\xe3\x82\x82\xe3\x80\x81\xe7\xa7\x81\xe3\x82\x82'
303.84846875,304.40534375000004,b'SPEAKER_01',b'\xe3\x81\xa0\xe3\x82\x81\xe3\x81\xa0\xe3\x82\x88'
305.02971875000003,305.78909375,b'SPEAKER_01',b'\xe7\xa7\x81\xe3\x82\x82'
308.38784375,309.82221875000005,b'SPEAKER_01',b'\xe3\x81\x84\xe3\x82\x84\xe3\x81\xa7\xe3\x82\x82\xe3\x81\xa9\xe3\x81\x86\xe3\x81\x84\xe3\x81\x86\xe7\xb5\xb5\xe9\x9d\xa2?'
310.49721875,314.37846875,b'SPEAKER_01',b'\xe3\x81\x82\xe3\x80\x81\xe3\x81\x93\xe3\x82\x8c\xe3\x81\x84\xe3\x82\x8b\xe3\x81\x93\xe3\x82\x8c\xe3\x81\x84\xe3\x82\x8b\xe3\x80\x82\xe3\x81\x84\xe3\x82\x84\xe3\x80\x81\xe3\x81\x9d\xe3\x81\xae\xe3\x81\x82\xe3\x81\x92\xe6\x96\xb9\xe3\x81\xaf\xe3\x80\x81\xe3\x83\x8f\xe3\x83\x88\xe3\x81\xab\xe3\x81\x82\xe3\x81\x92\xe3\x82\x8b\xe6\x84\x9f\xe3\x81\x98\xe3\x81\xaa\xe3\x82\x93\xe3\x82\x88\xe3\x80\x82'
310.63221875,310.68284375,b'SPEAKER_00',b''
310.68284375,310.69971875000005,b'SPEAKER_02',b''
310.69971875000005,311.35784375000003,b'SPEAKER_00',b'\xe3\x81\x8f\xe3\x82\x8c\xe3\x82\x8b\xe3\x81\x8f\xe3\x82\x8c\xe3\x82\x8b'
315.17159375,316.89284375,b'SPEAKER_01',b'\xe3\x83\x91\xe3\x83\x91\xe3\x83\x91\xe3\x83\x91\xe3\x81\xa3\xe3\x81\xa6\xe3\x81\x82\xe3\x82\x89\xe5\x8f\x82\xe3\x81\xa3\xe3\x81\xa6\xe3\x81\xaf\xe3\x82\x8b'
315.98159375,316.65659375,b'SPEAKER_02',b'\xe3\x81\xbe\xe3\x81\x84\xe3\x81\xa6\xe3\x81\xaf\xe3\x82\x8b'
317.93909375000004,318.36096875000004,b'SPEAKER_01',b'\xe4\xbb\x8a'
318.41159375,318.51284375,b'SPEAKER_01',b''
318.51284375,318.98534375,b'SPEAKER_02',b'www'
322.66409375,326.66346875,b'SPEAKER_01',b'\xe3\x81\xad\xe3\x81\x99\xe3\x81\x94\xe3\x81\x84\xe3\x81\xad\xe3\x80\x81\xe3\x81\xbe\xe3\x81\xa3\xe3\x81\x9f\xe3\x81\x8f\xe3\x81\xa9\xe3\x81\x86\xe3\x82\x84\xe3\x81\xa3\xe3\x81\xa6\xe3\x82\x8b\xe3\x81\xae\xe3\x81\x8b\xe6\x9c\xac\xe5\xbd\x93\xe3\x81\xab\xe6\xa4\x9c\xe8\xa8\x8e\xe3\x81\xa4\xe3\x81\x8b\xe3\x82\x93'
326.96721875000003,327.00096875,b'SPEAKER_02',b''
327.00096875,333.76784375,b'SPEAKER_00',b'\xe3\x81\x82\xe3\x82\x8c?\xe3\x82\xaa\xe3\x83\xa0\xe3\x83\xa9\xe3\x82\xa4\xe3\x82\xb9\xe3\x82\xab\xe3\x83\xbc\xe3\x81\x8c\xe7\x84\xa1\xe3\x81\x8f\xe3\x81\xaa\xe3\x81\xa3\xe3\x81\xa6\xe3\x82\x8b!\xe3\x81\x9d\xe3\x82\x93\xe3\x81\xaa\xe3\x83\x81\xe3\x83\xbc\xe3\x83\xa0\xe3\x82\xad\xe3\x83\xa3\xe3\x83\xb3\xe3\x81\x95\xe3\x82\x93\xe3\x81\x8c\xe7\x84\xa1\xe3\x81\x8f\xe3\x81\xaa\xe3\x81\xa3\xe3\x81\xa6\xe3\x82\x8b!\xe3\x82\xaa\xe3\x83\xa0\xe3\x83\xa9\xe3\x82\xa4\xe3\x82\xb9\xe3\x82\xab\xe3\x83\xbc\xe3\x81\x8c!\xe3\x82\xaa\xe3\x83\xa0\xe3\x83\xa9\xe3\x82\xa4\xe3\x82\xb9\xe3\x82\xab\xe3\x83\xbc\xe3\x81\x8c!'
328.85721875,328.92471875,b'SPEAKER_01',b''
328.92471875,328.97534375000004,b'SPEAKER_02',b''
328.97534375000004,329.21159375,b'SPEAKER_01',b'\xe3\x82\xb5\xe3\x83\x96\xe3\x82\xbf\xe3\x82\xa4\xe3\x83\x88\xe3\x83\xab\xe3\x83\xbb\xe3\x82\xae\xe3\x82\xbf\xe3\x83\xbc\xe3\x83\xbb\xe3\x82\xb3\xe3\x83\xa1\xe3\x83\xb3\xe3\x83\x88\xe3\x82\x92\xe3\x81\x8a\xe5\xb1\x8a\xe3\x81\x91\xe3\x81\x97\xe3\x81\xbe\xe3\x81\x99\xe3\x80\x82'
329.21159375,329.26221875000005,b'SPEAKER_02',b''
329.26221875000005,329.41409375,b'SPEAKER_01',b'\xe3\x81\x8a'
329.41409375,329.43096875000003,b'SPEAKER_02',b'\xe3\x81\x94\xe8\xa6\x96\xe8\x81\xb4\xe3\x81\x82\xe3\x82\x8a\xe3\x81\x8c\xe3\x81\xa8\xe3\x81\x86\xe3\x81\x94\xe3\x81\x96\xe3\x81\x84\xe3\x81\xbe\xe3\x81\x97\xe3\x81\x9f'
329.43096875000003,329.75159375000004,b'SPEAKER_01',b'\xe3\x81\x94\xe8\xa6\x96\xe8\x81\xb4\xe3\x81\x82\xe3\x82\x8a\xe3\x81\x8c\xe3\x81\xa8\xe3\x81\x86\xe3\x81\x94\xe3\x81\x96\xe3\x81\x84\xe3\x81\xbe\xe3\x81\x97\xe3\x81\x9f!'
329.75159375000004,329.83596875,b'SPEAKER_02',b''
329.83596875,333.73409375,b'SPEAKER_01',b'\xe3\x82\x84\xe3\x81\xa3\xe3\x81\x9f\xe3\x82\x84\xe3\x81\xa3\xe3\x81\x9f!\xe3\x82\xaa\xe3\x83\xa0\xe3\x83\xa9\xe3\x82\xa4\xe3\x82\xb9\xe3\x82\xab\xe3\x83\xbc\xe3\x81\x8c!\xe3\x82\xaa\xe3\x83\xa0\xe3\x83\xa9\xe3\x82\xa4\xe3\x82\xb9\xe3\x82\xab\xe3\x83\xbc\xe3\x81\x8c!\xe3\x82\xaa\xe3\x83\xa0\xe3\x83\xa9\xe3\x82\xa4\xe3\x82\xb9\xe3\x82\xab\xe3\x83\xbc!'
334.20659375,336.63659375000003,b'SPEAKER_00',b'\xe3\x81\x8a\xe3\x82\x82\xe3\x82\x8d\xe3\x81\x84\xe3\x81\x99\xe3\x81\x8e\xe3\x82\x8b\xe3\x81\x95\xe3\x82\x93\xe3\x81\xaa\xe3\x81\x84!\xe3\x81\x9d\xe3\x82\x93\xe3\x81\xaa\xe3\x81\x93\xe3\x81\xa8\xe3\x81\xaa\xe3\x81\x84!\xe3\x81\x82\xe3\x81\xa3\xe3\x81\x9f\xe3\x81\xaf\xe3\x81\x9a\xe3\x83\x81\xe3\x82\xa7\xe2\x80\xa6'
335.26971875000004,337.29471875,b'SPEAKER_01',b'\xe3\x81\x9d\xe3\x82\x93\xe3\x81\xaa\xe3\x81\x93\xe3\x81\xa8\xe3\x81\xaa\xe3\x81\x84!\xe3\x81\x82\xe3\x81\xa3\xe3\x81\x9f\xe3\x81\xaf\xe3\x81\x9a\xe5\x9c\xb0\xe5\x9b\xb3\xe3\x81\xab\xe3\x81\xaf!\xe3\x81\x82\xe3\x82\x8c?'
337.71659375,343.15034375000005,b'SPEAKER_01',b'\xe7\xa7\xbb\xe8\xa8\xad\xe3\x81\x97\xe3\x81\xa6\xe3\x82\x8b\xe3\x81\xa8\xe3\x81\x8b\xe3\x81\x98\xe3\x82\x83\xe3\x81\xaa\xe3\x81\x8f\xe3\x81\xa6!\xe4\xbd\x95?\xe6\xa8\xaa\xe3\x82\x82\xe7\x9f\xa5\xe3\x82\x89\xe3\x81\xaa\xe3\x81\x84\xe3\x81\xae\xe3\x81\x82\xe3\x82\x8b?\xe3\x81\x88\xe3\x80\x81\xe3\x81\xa7\xe3\x82\x82\xe3\x81\x95\xe3\x81\xa3\xe3\x81\x8d\xe3\x82\x82\xe3\x81\x86\xe3\x82\xaa\xe3\x83\xa0\xe3\x83\xa9\xe3\x82\xa4\xe3\x82\xb9\xe6\x8c\x81\xe3\x81\xa3\xe3\x81\xa6\xe3\x81\x9f\xe3\x82\x84\xe3\x82\x93'
337.78409375,339.04971875,b'SPEAKER_00',b'\xe7\xa7\xbb\xe8\xa8\xad\xe3\x81\x97\xe3\x81\xa6\xe3\x82\x8b\xe3\x81\xa8\xe3\x81\x8b\xe3\x81\x98\xe3\x82\x83\xe3\x81\xaa\xe3\x81\x8f\xe3\x81\xa6'
339.43784375,341.04096875000005,b'SPEAKER_00',b'\xe3\x81\xaa\xe3\x81\xab\xe6\xa8\xaa\xe3\x82\x82\xe7\x9f\xa5\xe3\x82\x89\xe3\x81\xaa\xe3\x81\x84\xe3\x81\xae\xe3\x81\x82\xe3\x82\x8b'
343.70721875000004,344.26409375000003,b'SPEAKER_01',b'\xe3\x81\xbb\xe3\x81\xa3\xe3\x81\xa6\xe3\x81\x9f!'
345.58034375,348.75284375,b'SPEAKER_01',b'\xe4\xbb\x8a\xe3\x81\x98\xe3\x82\x83\xe3\x81\xa7\xe3\x81\x8d\xe3\x81\xa6\xe3\x82\x8b\xe3\x81\x8b\xe3\x82\x89\xe3\x81\xa1\xe3\x82\x87\xe3\x81\xa3\xe3\x81\xa8\xe8\xbb\x8a\xe3\x81\xa0\xe3\x81\x8b\xe3\x82\x89 \xe3\x82\xa4\xe3\x83\x8e\xe3\x83\xaa\xe3\x82\x82\xe3\x81\xa7\xe3\x81\x8d\xe3\x82\x8b\xe3\x82\x93\xe3\x81\x98\xe3\x82\x83\xe3\x81\xaa\xe3\x81\x84\xe3\x81\x8b\xe3\x82\xaa\xe3\x83\xa0\xe3\x83\xa9\xe3\x82\xa4\xe3\x82\xb9\xe3\x82\xab\xe3\x83\xbc\xe3\x81\xa9\xe3\x81\x93?'
345.73221875,346.12034375,b'SPEAKER_00',b''
346.12034375,347.26784375,b'SPEAKER_02',b''
347.26784375,347.40284375000005,b'SPEAKER_00',b'\xe3\x81\x84\xe3\x82\x89\xe3\x81\xa3\xe3\x81\x97\xe3\x82\x83\xe3\x81\x84\xe3\x81\xbe\xe3\x81\x9b'
351.11534375,352.65096875,b'SPEAKER_01',b'\xe3\x81\xbe\xe3\x81\x82\xe3\x81\x9d\xe3\x82\x93\xe3\x81\xaa\xe3\x81\x93\xe3\x81\xa8\xe8\xa8\x80\xe3\x81\xa3\xe3\x81\x9f\xe3\x82\x89'
351.36846875000003,352.43159375000005,b'SPEAKER_00',b'\xe3\x81\x9d\xe3\x82\x93\xe3\x81\xaa\xe3\x81\x93\xe3\x81\xa8\xe3\x81\xaa\xe3\x81\x84'
353.07284375,353.49471875,b'SPEAKER_01',b'\xe3\x83\x8e\xe3\x83\xad\xe3\x83\x83'
355.48596875000004,357.93284375,b'SPEAKER_01',b'\xe3\x81\x93\xe3\x81\xae\xe3\x82\xab\xe3\x83\xbc\xe3\x83\x89\xe3\x81\xae\xe3\x81\xbe\xe3\x81\x95\xe3\x81\x8b!\xe3\x81\x93\xe3\x81\xae\xe3\x83\x95\xe3\x82\xa9\xe3\x83\xab\xe3\x83\xa0!'
358.45596875,359.36721875,b'SPEAKER_01',b'\xe3\x82\x82\xe3\x81\x97\xe3\x81\x8b\xe3\x81\x97\xe3\x81\xa6?'
360.75096875,361.59471875,b'SPEAKER_01',b'\xe3\x83\x8a\xe3\x83\xb3\xe3\x83\x90\xe3\x83\xbc\xe3\x82\xac\xe3\x83\xbc'
362.74221875,362.75909375000003,b'SPEAKER_01',b'\xe3\x81\x94\xe8\xa6\x96\xe8\x81\xb4\xe3\x81\x82\xe3\x82\x8a\xe3\x81\x8c\xe3\x81\xa8\xe3\x81\x86\xe3\x81\x94\xe3\x81\x96\xe3\x81\x84\xe3\x81\xbe\xe3\x81\x97\xe3\x81\x9f'
362.75909375000003,362.79284375000003,b'SPEAKER_02',b''
362.79284375000003,362.82659375000003,b'SPEAKER_00',b''
362.82659375000003,366.03284375000004,b'SPEAKER_01',b'\xe3\x83\x9e\xe3\x82\xa4\xe3\x82\xaf\xe3\x83\xad\xe3\x83\xbc\xe3\x83\x8a\xe3\x83\xb3\xe3\x83\x90\xe3\x83\xbc\xe3\x81\xa0!'
362.89409375,364.39596875,b'SPEAKER_00',b'\xe5\x89\x8d\xe9\xa1\x94\xe3\x81\xaa\xe3\x82\x93\xe3\x81\xa0!'
366.57284375,368.44596875,b'SPEAKER_01',b'\xe3\x82\x84\xe3\x81\xa3\xe3\x81\x9f\xe3\x83\xbc!'
369.25596875,370.30221875,b'SPEAKER_01',b'\xe3\x82\x88\xe3\x81\x8b\xe3\x81\xa3\xe3\x81\x9f\xe3\x81\xaa\xe3\x81\x81'
372.07409375000003,376.98471875,b'SPEAKER_01',b'\xe3\x82\x84\xe3\x81\xa3\xe3\x81\xb1\xe4\xba\xba\xe6\xb0\x97\xe5\xba\x97\xe3\x82\x84\xe3\x81\xa3\xe3\x81\x9f\xe3\x82\x93\xe3\x82\x84\xe4\xba\xba\xe6\xb0\x97\xe3\x82\x84\xe3\x81\x8b\xe3\x82\x89\xe4\xbb\x8a\xe5\x9b\x9e\xe3\x81\x93\xe3\x81\xa3\xe3\x81\xa1\xe3\x81\xab\xe3\x81\xaf\xe6\x9d\xa5\xe3\x81\x9f\xe3\x82\x93\xe3\x82\x84\xe3\x82\x8f\xe3\x81\xa0\xe3\x81\xa3\xe3\x81\xa6\xe3\x82\x82\xe3\x81\x86\xe3\x80\x81\xe3\x82\xa4\xe3\x83\xbc\xe3\x83\x88\xe3\x82\xa4\xe3\x83\xb3\xe3\x82\xb9\xe3\x83\x9a\xe3\x83\xbc\xe3\x82\xb9\xe3\x81\x82\xe3\x82\x8b\xe3\x82\x82\xe3\x82\x93'
373.76159375000003,375.71909375,b'SPEAKER_00',b'\xe3\x82\x84\xe3\x81\xa3\xe3\x81\xa8\xe5\x87\xba\xe4\xbc\x9a\xe3\x81\x88\xe3\x81\x9f!'
377.32221875000005,377.72721875,b'SPEAKER_01',b'\xe3\x81\xaa\xe3\x81\x81'
378.80721875,383.46471875000003,b'SPEAKER_01',b'\xe3\x81\xa1\xe3\x82\x83\xe3\x82\x93\xe3\x81\xa8\xe4\xbd\x95\xe7\x95\xaa\xe3\x81\x82\xe3\x82\x8b\xe3\x81\x8b\xe3\x82\xa4\xe3\x83\x99\xe3\x83\xb3\xe3\x83\x88\xe3\x81\xab\xe5\x90\x88\xe3\x82\x8f\xe3\x81\x9b\xe3\x81\xa6\xe3\x81\x93\xe3\x81\xa3\xe3\x81\xa1\xe3\x81\xab\xe6\x9d\xa5\xe3\x81\x9f\xe3\x82\x93\xe3\x82\x84\xe3\x81\x8d\xe3\x81\xa3\xe3\x81\xa8\xe5\x87\xba\xe5\xbc\xb5\xe3\x81\xa7\xe3\x81\x8d\xe3\x82\x8b\xe3\x82\x93\xe3\x82\x84'
379.27971875000003,380.30909375000005,b'SPEAKER_00',b'\xe3\x81\xaa\xe3\x82\x93\xe3\x81\x8b\xe3\x81\x82\xe3\x82\x8c\xe3\x81\xa0'
381.59159375,382.01346875,b'SPEAKER_00',b'\xe3\x81\xad\xe3\x81\xa3'
382.01346875,382.65471875000003,b'SPEAKER_02',b'\xe5\x89\x8d\xe9\xa1\x94\xe3\x81\xaa\xe3\x81\xae\xe3\x81\xab'
382.65471875000003,382.97534375000004,b'SPEAKER_00',b'\xe3\x82\x93'
382.97534375000004,383.07659375000003,b'SPEAKER_02',b''
383.07659375000003,383.09346875,b'SPEAKER_00',b''
384.20721875000004,387.76784375,b'SPEAKER_01',b'\xe3\x81\x86\xe3\x81\xa1\xe3\x82\xb1\xe3\x83\x81\xe3\x83\xa3\xe3\x83\x83\xe3\x83\x97\xe3\x82\xbd\xe3\x83\xbc\xe3\x82\xb9\xe3\x81\x8c\xe3\x81\x84\xe3\x81\x84\xe3\x82\x93\xe3\x81\xa0\xe3\x82\x88\xe3\x81\xaa\xe3\x81\xa8\xe3\x82\x8a\xe3\x81\x82\xe3\x81\x88\xe3\x81\x9a\xe4\xb8\x80\xe9\x80\x9a\xe3\x82\x8a\xe5\x8f\x96\xe3\x81\xa3\xe3\x81\xa6\xe3\x81\xbf\xe3\x81\x9f'
388.44284375,389.48909375000005,b'SPEAKER_01',b'\xe3\x81\x84\xe3\x81\x84\xe5\xad\x90\xe3\x81\x97\xe3\x82\x93\xe3\x81\xbc\xe3\x81\x86\xe3\x81\x95\xe3\x82\x93'
390.14721875000004,392.74596875000003,b'SPEAKER_01',b'\xe4\xb8\x80\xe9\x80\x9a\xe3\x82\x8a \xe5\xa5\xbd\xe3\x81\x8d\xe3\x82\x84\xe3\x81\x8b\xe3\x82\x89\xe3\x81\xaa'
395.22659375,396.62721875,b'SPEAKER_01',b'\xe3\x81\x82\xe3\x80\x81\xe3\x83\x9b\xe3\x83\xaf\xe3\x82\xa4\xe3\x83\x88\xe6\x92\xae\xe3\x82\x8c\xe3\x81\xa6\xe3\x81\xaa\xe3\x81\x84\xe3\x81\xaa'
399.96846875,405.23346875000004,b'SPEAKER_01',b'\xe3\x81\xaa\xe3\x82\x8b\xe3\x81\xbb\xe3\x81\xa9\xe3\x81\xad\xe4\xb8\x8a\xe3\x81\x8c\xe9\xa3\x9f\xe6\xad\xaf\xe6\xaf\x92\xe6\x96\xbd\xe8\xa8\xad\xe3\x81\x8b\xe3\x81\xaa\xe6\x96\xbd\xe8\xa8\xad?\xe6\x96\xbd\xe8\xa8\xad\xe3\x81\x8b\xe3\x81\xaa'
400.44096875,400.50846875,b'SPEAKER_00',b''
400.50846875,400.76159375000003,b'SPEAKER_02',b''
400.76159375000003,401.52096875,b'SPEAKER_00',b''
403.02284375000005,404.99721875,b'SPEAKER_02',b'\xe3\x81\x97\xe3\x81\x97\xe3\x81\x97\xe3\x81\x97\xe3\x81\x97\xe3\x81\x97\xe3\x81\x97\xe3\x81\x97\xe3\x81\x97\xe3\x81\x97\xe3\x81\x97\xe3\x81\x97\xe3\x81\x97\xe3\x81\x97\xe3\x81\x97\xe3\x81\x97\xe3\x81\x97\xe3\x81\x97\xe3\x81\x97\xe3\x81\x97\xe3\x81\x97\xe3\x81\x97\xe3\x81\x97\xe3\x81\x97\xe3\x81\x97\xe3\x81\x97\xe3\x81\x97\xe3\x81\x97\xe3\x81\x97\xe3\x81\x97\xe3\x81\x97\xe3\x81\x97\xe3\x81\x97\xe3\x81\x97\xe3\x81\x97\xe3\x81\x97\xe3\x81\x97\xe3\x81\x97\xe3\x81\x97\xe3\x81\x97\xe3\x81\x97\xe3\x81\x97\xe3\x81\x97\xe3\x81\x97\xe3\x81\x97\xe3\x81\x97\xe3\x81\x97\xe3\x81\x97\xe3\x81\x97\xe3\x81\x97\xe3\x81\x97\xe3\x81\x97\xe3\x81\x97\xe3\x81\x97\xe3\x81\x97\xe3\x81\x97\xe3\x81\x97\xe3\x81\x97\xe3\x81\x97\xe3\x81\x97\xe3\x81\x97\xe3\x81\x97\xe3\x81\x97\xe3\x81\x97\xe3\x81\x97\xe3\x81\x97\xe3\x81\x97\xe3\x81\x97\xe3\x81\x97\xe3\x81\x97\xe3\x81\x97\xe3\x81\x97\xe3\x81\x97\xe3\x81\x97\xe3\x81\x97\xe3\x81\x97\xe3\x81\x97\xe3\x81\x97\xe3\x81\x97\xe3\x81\x97\xe3\x81\x97\xe3\x81\x97\xe3\x81\x97\xe3\x81\x97\xe3\x81\x97\xe3\x81\x97\xe3\x81\x97\xe3\x81\x97\xe3\x81\x97\xe3\x81\x97\xe3\x81\x97\xe3\x81\x97\xe3\x81\x97\xe3\x81\x97\xe3\x81\x97\xe3\x81\x97\xe3\x81\x97\xe3\x81\x97\xe3\x81\x97\xe3\x81\x97\xe3\x81\x97\xe3\x81\x97\xe3\x81\x97\xe3\x81\x97\xe3\x81\x97\xe3\x81\x97\xe3\x81\x97\xe3\x81\x97\xe3\x81\x97\xe3\x81\x97\xe3\x81\x97\xe3\x81\x97\xe3\x81\x97\xe3\x81\x97\xe3\x81\x97\xe3\x81\x97\xe3\x81\x97\xe3\x81\x97\xe3\x81\x97\xe3\x81\x97\xe3\x81\x97\xe3\x81\x97\xe3\x81\x97\xe3\x81\x97\xe3\x81\x97\xe3\x81\x97\xe3\x81\x97\xe3\x81\x97\xe3\x81\x97\xe3\x81\x97\xe3\x81\x97\xe3\x81\x97\xe3\x81\x97\xe3\x81\x97\xe3\x81\x97\xe3\x81\x97\xe3\x81\x97\xe3\x81\x97\xe3\x81\x97\xe3\x81\x97\xe3\x81\x97\xe3\x81\x97\xe3\x81\x97\xe3\x81\x97\xe3\x81\x97\xe3\x81\x97\xe3\x81\x97\xe3\x81\x97\xe3\x81\x97\xe3\x81\x97\xe3\x81\x97\xe3\x81\x97\xe3\x81\x97\xe3\x81\x97\xe3\x81\x97\xe3\x81\x97\xe3\x81\x97\xe3\x81\x97\xe3\x81\x97\xe3\x81\x97\xe3\x81\x97\xe3\x81\x97\xe3\x81\x97\xe3\x81\x97\xe3\x81\x97\xe3\x81\x97\xe3\x81\x97\xe3\x81\x97\xe3\x81\x97\xe3\x81\x97\xe3\x81\x97\xe3\x81\x97\xe3\x81\x97\xe3\x81\x97\xe3\x81\x97\xe3\x81\x97\xe3\x81\x97\xe3\x81\x97\xe3\x81\x97\xe3\x81\x97\xe3\x81\x97\xe3\x81\x97\xe3\x81\x97\xe3\x81\x97\xe3\x81\x97\xe3\x81\x97\xe3\x81\x97\xe3\x81\x97\xe3\x81\x97\xe3\x81\x97\xe3\x81\x97\xe3\x81\x97\xe3\x81\x97\xe3\x81\x97\xe3\x81\x97\xe3\x81\x97\xe3\x81\x97\xe3\x81\x97\xe3\x81\x97\xe3\x81\x97\xe3\x81\x97\xe3\x81\x97\xe3\x81\x97\xe3\x81\x97\xe3\x81\x97\xe3\x81\x97\xe3\x81\x97\xe3\x81\x97\xe3\x81\x97\xe3\x81\x97\xe3\x81\x97\xe3\x81\x97\xe3\x81\x97\xe3\x81\x97\xe3\x81\x97\xe3\x81\x97\xe3\x81\x97\xe3\x81\x97\xe3\x81\x97\xe3\x81\x97\xe3\x81\x97\xe3\x81\x97\xe3\x81\x97'
406.09409375,409.77284375000005,b'SPEAKER_01',b'\xe3\x82\x8f\xe3\x81\x81\xe3\x81\x84\xe3\x81\x84\xe3\x81\x8a\xe9\x83\xa8\xe5\xb1\x8b!\xe5\xae\xbf\xe6\xb3\x8a\xe3\x81\x97\xe3\x81\xa1\xe3\x82\x83\xe3\x81\xa3\xe3\x81\x9f\xe3\x81\x8b\xe3\x82\x89\xe3\x81\xaa\xe3\x82\x84\xe3\x82\x81\xe3\x82\x8d!'
406.95471875000004,407.69721875000005,b'SPEAKER_02',b'\xe3\x81\x8a\xe3\x81\xb8\xe3\x81\x87\xe3\x82\x84!'
409.04721875,409.68846875,b'SPEAKER_00',b'\xe3\x82\x84\xe3\x82\x81\xe3\x82\x8d!'
411.91596875000005,416.64096875,b'SPEAKER_01',b'\xe3\x81\x84\xe3\x81\x84\xe3\x82\x84\xe3\x83\xbc\xe3\x81\x88\xe3\x80\x81\xe3\x81\x93\xe3\x82\x8c\xe9\x96\xa2\xe6\x9d\xb1\xe3\x81\x8b?\xe3\x81\x93\xe3\x81\x93\xe3\x81\x8c?\xe5\xae\xbf\xe6\xb3\x8a\xe6\x94\xaf\xe5\x87\xba\xe4\xb8\xad?'
412.48971875,412.54034375000003,b'SPEAKER_00',b''
417.40034375000005,423.96471875000003,b'SPEAKER_01',b'\xe6\xae\xb4\xe3\x82\x8c\xe3\x82\x8b\xe3\x82\x88\xe3\x81\x86\xe3\x81\xab\xe3\x81\xaa\xe3\x81\xa3\xe3\x81\x9f\xe3\x82\x89\xe7\x9f\xa5\xe3\x82\x89\xe3\x81\xaa\xe3\x81\x84\xe3\x82\x88\xe3\x81\x82\xe3\x81\xa8\xe3\x81\xa7\xe8\x93\x84\xe7\xa9\x8d\xe3\x83\x80\xe3\x83\xa1\xe3\x83\xbc\xe3\x82\xb8\xe3\x81\x8c\xe5\x87\xba\xe3\x82\x8b\xe5\xbe\x85\xe3\x81\xa3\xe3\x81\xa6!www\xe3\x81\xaa\xe3\x81\x81!\xe3\x82\x84\xe3\x82\x81\xe3\x81\xa6!'
421.18034375,421.90596875,b'SPEAKER_00',b'\xe3\x81\x86\xe3\x81\xa3\xe3\x81\x86\xe3\x81\xa3\xe3\x81\x86\xe3\x81\xa3\xe3\x81\x86\xe3\x81\xa3\xe3\x81\x86\xe3\x81\xa3\xe3\x81\x86\xe3\x81\xa3\xe3\x81\x86\xe3\x81\xa3\xe3\x81\x86\xe3\x81\xa3\xe3\x81\x86\xe3\x81\xa3\xe3\x81\x86\xe3\x81\xa3\xe3\x81\x86\xe3\x81\xa3\xe3\x81\x86\xe3\x81\xa3\xe3\x81\x86\xe3\x81\xa3\xe3\x81\x86\xe3\x81\xa3\xe3\x81\x86\xe3\x81\xa3\xe3\x81\x86\xe3\x81\xa3\xe3\x81\x86\xe3\x81\xa3\xe3\x81\x86\xe3\x81\xa3\xe3\x81\x86\xe3\x81\xa3\xe3\x81\x86\xe3\x81\xa3\xe3\x81\x86\xe3\x81\xa3\xe3\x81\x86\xe3\x81\xa3\xe3\x81\x86\xe3\x81\xa3\xe3\x81\x86\xe3\x81\xa3\xe3\x81\x86\xe3\x81\xa3\xe3\x81\x86\xe3\x81\xa3\xe3\x81\x86\xe3\x81\xa3\xe3\x81\x86\xe3\x81\xa3\xe3\x81\x86\xe3\x81\xa3\xe3\x81\x86\xe3\x81\xa3\xe3\x81\x86\xe3\x81\xa3\xe3\x81\x86\xe3\x81\xa3\xe3\x81\x86\xe3\x81\xa3\xe3\x81\x86\xe3\x81\xa3\xe3\x81\x86\xe3\x81\xa3\xe3\x81\x86\xe3\x81\xa3\xe3\x81\x86\xe3\x81\xa3\xe3\x81\x86\xe3\x81\xa3\xe3\x81\x86\xe3\x81\xa3\xe3\x81\x86\xe3\x81\xa3\xe3\x81\x86\xe3\x81\xa3\xe3\x81\x86\xe3\x81\xa3\xe3\x81\x86\xe3\x81\xa3\xe3\x81\x86\xe3\x81\xa3\xe3\x81\x86\xe3\x81\xa3\xe3\x81\x86\xe3\x81\xa3\xe3\x81\x86\xe3\x81\xa3\xe3\x81\x86\xe3\x81\xa3\xe3\x81\x86\xe3\x81\xa3\xe3\x81\x86\xe3\x81\xa3\xe3\x81\x86\xe3\x81\xa3\xe3\x81\x86\xe3\x81\xa3\xe3\x81\x86\xe3\x81\xa3\xe3\x81\x86\xe3\x81\xa3\xe3\x81\x86\xe3\x81\xa3\xe3\x81\x86\xe3\x81\xa3\xe3\x81\x86\xe3\x81\xa3\xe3\x81\x86\xe3\x81\xa3\xe3\x81\x86\xe3\x81\xa3\xe3\x81\x86\xe3\x81\xa3\xe3\x81\x86\xe3\x81\xa3\xe3\x81\x86\xe3\x81\xa3\xe3\x81\x86\xe3\x81\xa3\xe3\x81\x86\xe3\x81\xa3\xe3\x81\x86\xe3\x81\xa3\xe3\x81\x86\xe3\x81\xa3\xe3\x81\x86\xe3\x81\xa3\xe3\x81\x86\xe3\x81\xa3\xe3\x81\x86\xe3\x81\xa3\xe3\x81\x86\xe3\x81\xa3\xe3\x81\x86\xe3\x81\xa3\xe3\x81\x86\xe3\x81\xa3\xe3\x81\x86\xe3\x81\xa3\xe3\x81\x86\xe3\x81\xa3\xe3\x81\x86\xe3\x81\xa3\xe3\x81\x86\xe3\x81\xa3\xe3\x81\x86\xe3\x81\xa3\xe3\x81\x86\xe3\x81\xa3\xe3\x81\x86\xe3\x81\xa3\xe3\x81\x86\xe3\x81\xa3\xe3\x81\x86\xe3\x81\xa3\xe3\x81\x86\xe3\x81\xa3\xe3\x81\x86\xe3\x81\xa3\xe3\x81\x86\xe3\x81\xa3\xe3\x81\x86\xe3\x81\xa3\xe3\x81\x86\xe3\x81\xa3\xe3\x81\x86\xe3\x81\xa3\xe3\x81\x86\xe3\x81\xa3\xe3\x81\x86\xe3\x81\xa3\xe3\x81\x86\xe3\x81\xa3\xe3\x81\x86\xe3\x81\xa3\xe3\x81\x86\xe3\x81\xa3\xe3\x81\x86\xe3\x81\xa3\xe3\x81\x86\xe3\x81\xa3\xe3\x81\x86\xe3\x81\xa3\xe3\x81\x86\xe3\x81\xa3\xe3\x81\x86\xe3\x81\xa3\xe3\x81\x86\xe3\x81\xa3\xe3\x81\x86\xe3\x81\xa3\xe3\x81\x86\xe3\x81\xa3\xe3\x81\x86\xe3\x81\xa3\xe3\x81\x86\xe3\x81\xa3\xe3\x81\x86\xe3\x81\xa3\xe3\x81\x86\xe3\x81\xa3\xe3\x81\x86\xe3\x81\xa3\xe3\x81\x86\xe3\x81\xa3\xe3\x81\x86\xe3\x81\xa3\xe3\x81\x86\xe3\x81\xa3\xe3\x81\x86\xe3\x81\xa3\xe3\x81\x86\xe3\x81\xa3\xe3\x81\x86\xe3\x81\xa3\xe3\x81\x86'
422.61471875,423.52596875,b'SPEAKER_00',b' County'
423.52596875,423.54284375000003,b'SPEAKER_02',b'\xe3\x81\x94\xe8\xa6\x96\xe8\x81\xb4\xe3\x81\x82\xe3\x82\x8a\xe3\x81\x8c\xe3\x81\xa8\xe3\x81\x86\xe3\x81\x94\xe3\x81\x96\xe3\x81\x84\xe3\x81\xbe\xe3\x81\x97\xe3\x81\x9f'
423.54284375000003,423.55971875,b'SPEAKER_00',b'\xe3\x81\x94\xe8\xa6\x96\xe8\x81\xb4\xe3\x81\x82\xe3\x82\x8a\xe3\x81\x8c\xe3\x81\xa8\xe3\x81\x86\xe3\x81\x94\xe3\x81\x96\xe3\x81\x84\xe3\x81\xbe\xe3\x81\x97\xe3\x81\x9f'
423.55971875,424.03221875,b'SPEAKER_02',b''
423.96471875000003,423.99846875000003,b'SPEAKER_00',b''
423.99846875000003,424.13346875,b'SPEAKER_01',b'\xe3\x81\x94\xe8\xa6\x96\xe8\x81\xb4\xe3\x81\x82\xe3\x82\x8a\xe3\x81\x8c\xe3\x81\xa8\xe3\x81\x86\xe3\x81\x94\xe3\x81\x96\xe3\x81\x84\xe3\x81\xbe\xe3\x81\x97\xe3\x81\x9f!'
424.13346875,424.23471875,b'SPEAKER_00',b''
426.52971875000003,430.02284375000005,b'SPEAKER_00',b'\xe5\x8b\x95\xe3\x81\x84\xe3\x81\xa1\xe3\x82\x83\xe3\x81\xa3\xe3\x81\x9f'
430.02284375000005,430.95096875,b'SPEAKER_01',b'\xe3\x82\x84\xe3\x81\xa3\xe3\x81\x93\xe3\x81\x84\xe3\x81\x84\xe3\x81\xad\xe3\x83\xbc\xe3\x82\x84\xe3\x81\xb0\xe3\x81\x84'
430.95096875,430.96784375000004,b'SPEAKER_00',b'\xe3\x81\x94\xe8\xa6\x96\xe8\x81\xb4\xe3\x81\x82\xe3\x82\x8a\xe3\x81\x8c\xe3\x81\xa8\xe3\x81\x86\xe3\x81\x94\xe3\x81\x96\xe3\x81\x84\xe3\x81\xbe\xe3\x81\x97\xe3\x81\x9f'
430.96784375000004,431.20409375,b'SPEAKER_01',b''
431.20409375,431.45721875000004,b'SPEAKER_00',b''
431.45721875000004,431.54159375,b'SPEAKER_01',b'\xe5\xad\x97\xe5\xb9\x95\xe8\xa6\x96\xe8\x81\xb4\xe3\x81\x82\xe3\x82\x8a\xe3\x81\x8c\xe3\x81\xa8\xe3\x81\x86\xe3\x81\x94\xe3\x81\x96\xe3\x81\x84\xe3\x81\xbe\xe3\x81\x97\xe3\x81\x9f!'
431.54159375,431.98034375000003,b'SPEAKER_00',b'wwwwwwwwwwwwwwwwwwwwwwwwwwwwwwwwwwwwwwwwwwwwwwwwwwwwwwwwwwwwwwwwwwwwwwwwwwwwwwwwwwwwwwwwwwwwwwwwwwwwwwwwwwwwwwwwwwwwwwwwwwwwwwwwwwwwwwwwwwwwwwwwwwwwwwwwwwwwwwwwwwwwwwwwwwwwwwwwwwwwwwwwwwwwwwwwwwwwwwwwwwwwwwwwwwwwwwwwwwwwwwwwwwwwwwwwwwwwwwwwwwwwwwwwwwwwwwwwwwwwwwwwwwwwwwwwwwwwwwwwwwwwwwwwwwwwwwwwwwwwwwwwwwwwwwwwwwwwwwwwwwwwwwwwwwwwwwwwwwwwwwwwwwwwwwwwwwwwwwwwwwwwwwwwwwwwwwwwwwwwwwwwwwwwwwwwwwwwwwwwwwwwwwwwwwwwwwwwwwwwwwwwwwwwwwwwwwwwwwwwwwwwwwwwwwwwwwwwwwwwwwwwwwwwwwwwwwwwwwwwwwwwwwwwwwwwwwwwwwwwwwwwwwwwwwwwwwwwwwwwwwwwwwwwwwwwwwwwwwwwwwwwwwwwwwwwwwwwwwwwwwwwwwwwwwwwwwwwwwwwwwwwwwwwwwwwwwwwwwwwwwwwwwwwwwwwwwwwwwwwwwwwwwwwwwwwwwwwwwwwwwwwwwwwwwwwwwwwwwwwwwwwwwwwwwwwwwwwwwwwwwwwwwwwwwwwwwwwwwwwwwwwwwwwwwwwwwwwwwwwwwwwwwwwwwwwwwwwwwwwwwwwwwwwwwwwwwwwwwwwwwwwwwwwwwwwwwwwwwwwwwwwwwwwwwwwwwwwwwwwwwwwwwwwwwwwwwwwwwwwwwwwwwwwwwwwwwwwwwwwwwwwwwwwwwwwwwwwwwwwwwwwwwwwwwwwwwwwwwwwwwwwwwwwwwww'
434.10659375,436.08096875,b'SPEAKER_01',b'\xe3\x81\x99\xe3\x81\x94\xe3\x81\x84\xe3\x83\x99\xe3\x82\xaf\xe3\x83\x88\xe3\x83\xab\xe3\x81\xa7\xe6\xb6\x88\xe3\x81\x88\xe3\x81\xa6\xe3\x81\x8f\xe3\x82\x8b'
436.75596875,438.89909375,b'SPEAKER_01',b'\xe5\x8c\x96\xe7\xb2\xa7\xe6\xb0\xb4\xe3\x81\xa8\xe3\x81\x8b\xe3\x81\x98\xe3\x82\x83\xe3\x82\x93\xe9\x8f\xa1'
439.06784375,440.40096875,b'SPEAKER_01',b'\xe3\x81\x82\xe3\x83\xbc\xe3\x81\xa0\xe3\x81\xad\xe3\x81\x93\xe3\x82\x8c\xe3\x81\xad'
440.41784375000003,443.05034375,b'SPEAKER_01',b'\xe3\x81\x9d\xe3\x81\x86\xe3\x81\x8b\xe3\x80\x81\xe3\x81\xa1\xe3\x82\x87\xe3\x81\x86\xe3\x81\xa0\xe3\x81\x84\xe3\x81\x8b\xe3\x80\x82\xe3\x81\x88\xe3\x80\x81\xe3\x81\x99\xe3\x81\x94\xe3\x81\x84!\xe3\x81\xb5\xe3\x81\x99\xe3\x81\xbe\xe3\x81\xa0\xe3\x80\x81\xe3\x81\x93\xe3\x82\x8c\xe3\x80\x82'
440.51909375,441.90284375000005,b'SPEAKER_00',b'\xe3\x81\x9d\xe3\x81\x86\xe3\x81\x8b\xe3\x80\x81\xe5\x85\x84\xe5\xbc\x9f\xe3\x81\x8b!'
446.32409375000003,448.75409375000004,b'SPEAKER_01',b'\xe3\x81\xbe\xe3\x81\x82\xe3\x80\x81\xe5\x85\xa8\xe9\x83\xa8\xe5\xb7\xa1\xe3\x82\x8b\xe3\x81\xae\xe3\x81\xaf\xe5\xa4\x9a\xe5\x88\x86'
449.41221875,451.15034375000005,b'SPEAKER_01',b'\xe7\x84\xa1\xe7\x90\x86\xe3\x81\xa8\xe3\x81\xaf\xe6\x80\x9d\xe3\x81\x86'
449.91846875000005,450.03659375,b'SPEAKER_00',b''
450.03659375,450.34034375000005,b'SPEAKER_02',b''
450.34034375000005,450.35721875,b'SPEAKER_00',b'\xe3\x81\x94\xe8\xa6\x96\xe8\x81\xb4\xe3\x81\x82\xe3\x82\x8a\xe3\x81\x8c\xe3\x81\xa8\xe3\x81\x86\xe3\x81\x94\xe3\x81\x96\xe3\x81\x84\xe3\x81\xbe\xe3\x81\x97\xe3\x81\x9f!'
451.26846875,453.17534375,b'SPEAKER_01',b'\xe3\x81\xa7\xe3\x82\x82\xe3\x80\x81\xe9\xad\x9a\xe5\xb8\x82\xe5\xa0\xb4\xe3\x81\x8b\xe3\x81\x93\xe3\x81\x93\xe3\x81\xaf'
453.78284375000004,455.48721875,b'SPEAKER_01',b'\xe3\x81\x8a\xe3\x83\xbc!'
456.53346875000005,457.59659375,b'SPEAKER_02',b'\xe3\x81\x86\xe3\x81\x8a\xe3\x83\xbc!'
458.47409375,460.65096875,b'SPEAKER_01',b'\xe9\xad\x9a\xe3\x81\xa0\xe3\x81\x91\xe3\x81\xab\xe3\x82\xa6\xe3\x82\xa9\xe3\x83\xbc\xe3\x81\xa3\xe3\x81\xa6\xe3\x81\xad'
465.32534375,467.90721875,b'SPEAKER_00',b'\xe3\x81\x82\xe3\x81\x81\xe3\x81\x82\xe3\x81\xa3\xe3\x81\xa6\xe8\xa8\x80\xe3\x81\x86\xe3\x81\xad\xe3\x82\x93www'
467.99159375000005,469.78034375000004,b'SPEAKER_00',b'\xe3\x81\x82\xe3\x81\xaf\xe3\x81\xaf\xe3\x80\x81\xe3\x83\x93\xe3\x83\x87\xe3\x82\xaa'
470.86034375,476.26034375,b'SPEAKER_00',b'\xe7\xa7\x81\xe3\x81\xae\xe6\xad\xaf\xe3\x82\x92\xe3\x81\x9d\xe3\x82\x93\xe3\x81\xaa\xe3\x81\xab\xe4\xbd\xbf\xe3\x82\x8f\xe3\x81\xaa\xe3\x81\x84\xe3\x81\xa7!\xe3\x81\x86\xe3\x82\x8b\xe3\x81\x9b\xe3\x83\xbc!\xe3\x81\xaa\xe3\x82\x93\xe3\x81\xa0\xe3\x82\x88!'
472.04159375,472.76721875000004,b'SPEAKER_01',b''
473.05409375000005,473.59409375,b'SPEAKER_01',b'www'
475.65284375000005,476.24346875000003,b'SPEAKER_01',b' discussion'
476.26034375,476.51346875,b'SPEAKER_01',b''
479.51721875000004,481.71096875,b'SPEAKER_01',b'\xe3\x81\xaf\xe3\x83\xbc\xe3\x81\xa8\xe3\x81\x8b\xe8\xa8\x80\xe3\x82\x8f\xe3\x82\x8c\xe3\x82\x8b\xe3\x82\x88\xe3\x82\x8a\xe8\xbe\x9b\xe3\x81\x84\xe3\x82\xbf\xe3\x82\xa4\xe3\x83\x97\xe3\x81\xae'
479.88846875,481.54221875,b'SPEAKER_00',b'\xe3\x81\xa8\xe3\x81\x8b\xe8\xa8\x80\xe3\x82\x8f\xe3\x82\x8c\xe3\x82\x8b\xe3\x82\x88\xe3\x82\x8a\xe8\xbe\x9b\xe3\x81\x84\xe3\x82\xbf\xe3\x82\xa4\xe3\x83\x97'
481.54221875,481.62659375000004,b'SPEAKER_02',b''
482.38596875,484.64721875000004,b'SPEAKER_01',b'2022\xe5\xb9\xb4\xe3\x81\xa0\xe3\x81\xa3\xe3\x81\xa4\xe3\x83\xbc\xe3\x81\xae\xe3\x81\xab\xe3\x82\x88'
482.62221875000006,483.24659375000005,b'SPEAKER_00',b''
489.06846875,493.84409375,b'SPEAKER_01',b'\xe3\x81\xa8\xe3\x83\xbc\xe3\x81\xa1\xe3\x82\x83\xe3\x82\x93\xe3\x81\x8c\xe5\x8f\x8d\xe6\x8a\x97\xe6\xa9\x9f\xe3\x81\xab\xe3\x82\x84\xe3\x81\xa3\xe3\x81\xa1\xe3\x82\x83\xe3\x81\xa3\xe3\x81\x9f\xe3\x81\xa3\xe3\x81\xa6\xe8\xa8\x80\xe3\x81\xa3\xe3\x81\xa1\xe3\x82\x83\xe3\x81\x86\xe3\x81\xae\xe3\x81\xa8?\xe6\x80\x92\xe3\x81\xa3\xe3\x81\xa1\xe3\x82\x83\xe3\x81\xa3\xe3\x81\x9f'
489.16971875,489.96284375000005,b'SPEAKER_02',b'\xe3\x81\x8a\xe3\x81\xb0\xe3\x81\x82\xe3\x81\xa1\xe3\x82\x83\xe3\x82\x93\xe3\x81\x8c\xe5\x8f\x8d\xe5\xbf\x9c'
494.08034375000005,496.18971875000005,b'SPEAKER_01',b'\xe3\x82\x81\xe3\x81\xa3\xe3\x81\xa1\xe3\x82\x83\xe3\x82\xb5\xe3\x82\xb3\xe3\x81\xae\xe3\x81\x84\xe3\x82\x8b'
495.16034375000004,495.22784375000003,b'SPEAKER_02',b''
496.18971875000005,496.34159375,b'SPEAKER_02',b'\xe3\x81\x94\xe8\xa6\x96\xe8\x81\xb4\xe3\x81\x82\xe3\x82\x8a\xe3\x81\x8c\xe3\x81\xa8\xe3\x81\x86\xe3\x81\x94\xe3\x81\x96\xe3\x81\x84\xe3\x81\xbe\xe3\x81\x97\xe3\x81\x9f!'
498.78846875000005,502.24784375,b'SPEAKER_01',b'\xe3\x82\x82\xe3\x81\x97\xe3\x81\x8b\xe3\x81\x97\xe3\x81\xa6\xe3\x80\x81\xe3\x81\x82\xe3\x82\x8c?\xe9\x81\xa0\xe8\xbf\x91\xe6\xb3\x95\xe4\xbb\xa4\xe3\x81\xa7\xe3\x81\x8b\xe3\x81\x8f\xe8\xa6\x8b\xe3\x81\x88\xe3\x82\x8b\xe3\x81\xa0\xe3\x81\x91\xe3\x81\x98\xe3\x82\x83\xe3\x81\xaa\xe3\x81\x84?\xe8\xaa\xb0\xe3\x81\x8b\xe3\x81\x8a\xe3\x82\x8b!'
504.13784375000006,505.87596875,b'SPEAKER_01',b'\xe8\xaa\xb0\xe3\x81\x8b\xe3\x82\x82\xe3\x81\x84\xe3\x82\x8b!\xe6\x9c\xac\xe5\xbd\x93\xe3\x81\xa0!'
504.77909375,505.38659375000003,b'SPEAKER_02',b'\xe3\x82\x82\xe3\x81\x86\xe3\x80\x81\xe3\x81\x84\xe3\x82\x8d\xe3\x81\x84\xe3\x82\x8d\xe3\x81\xa8\xe2\x80\xa6'
506.65221875000003,507.22596875000005,b'SPEAKER_02',b'\xe6\x9c\xac\xe6\x97\xa5\xe3\x82\x82\xe3\x81\x8a\xe4\xbc\x9a\xe3\x81\x84\xe3\x81\x97\xe3\x81\xbe\xe3\x81\x97\xe3\x82\x87\xe3\x81\x86!'
508.06971875000005,511.91721875,b'SPEAKER_01',b'\xe8\xb6\xb3\xe7\xb5\x82\xe3\x82\x8f\xe3\x81\xa3\xe3\x81\x9f\xe3\x82\x93\xe3\x81\x98\xe3\x82\x83\xe3\x81\xaa\xe3\x81\x84\xe3\x81\x8b?\xe3\x83\x9f\xe3\x83\xaa\xe3\x82\xaa\xe3\x81\x95\xe3\x82\x93\xe3\x81\x9f\xe3\x81\xa1\xe3\x81\x8a\xe7\x96\xb2\xe3\x82\x8c\xe6\xa7\x98\xe3\x81\xa7\xe3\x81\x97\xe3\x81\x9f'
510.07784375000006,511.66409375,b'SPEAKER_02',b'\xe3\x81\x8a\xe3\x83\xbc\xe3\x81\x8a\xe3\x83\xbc\xe3\x81\x8a\xe3\x83\xbc'
514.1784687500001,518.61659375,b'SPEAKER_01',b'\xe4\xbb\x8a\xe6\x97\xa5\xe5\x87\xba\xe8\xb5\xb0\xe3\x81\xa0\xe3\x81\xa3\xe3\x81\x9f\xe3\x82\x93\xe3\x81\x98\xe3\x82\x83\xe3\x81\xaa\xe3\x81\x84\xe3\x81\x8b\xe3\x81\x82\xe3\x82\x8c\xe3\x81\x82\xe3\x82\x8c\xe3\x81\x82\xe3\x82\x8c\xe3\x81\x8a\xe7\x96\xb2\xe3\x82\x8c\xe6\xa7\x98\xe3\x81\xa7\xe3\x81\x99-\xe3\x81\x93\xe3\x82\x8c\xe3\x81\x84\xe3\x81\x9f\xe3\x81\xa0\xe3\x81\x8d\xe3\x81\xbe\xe3\x81\x99\xe3\x81\x8f\xe3\x82\x8c\xe3\x81\xaa\xe3\x81\x84?\xe3\x81\xa9\xe3\x81\x86\xe3\x82\x82\xe3\x81\xa9\xe3\x81\x86\xe3\x82\x82'
515.68034375,515.7478437500001,b'SPEAKER_00',b''
515.7478437500001,516.3215937499999,b'SPEAKER_02',b'\xe3\x81\x8a\xe7\x96\xb2\xe3\x82\x8c\xe6\xa7\x98\xe3\x81\xa7\xe3\x81\x97\xe3\x81\x9f'
516.3215937499999,517.4015937500001,b'SPEAKER_00',b'\xe3\x81\xa7\xe3\x81\xaf\xe3\x81\x93\xe3\x82\x8c\xe3\x81\x84\xe3\x81\x9f\xe3\x81\xa0\xe3\x81\x8d\xe3\x81\xbe\xe3\x81\x99'
518.9540937500001,524.21909375,b'SPEAKER_01',b'\xe3\x81\x82\xe3\x80\x81\xe6\xb8\xa9\xe6\xb3\x89\xe3\x82\xbf\xe3\x83\xa2\xe3\x81\x84\xe3\x81\xa3\xe3\x81\xb1\xe3\x81\x84\xe4\xbd\x9c\xe3\x81\xa3\xe3\x81\x9f\xe3\x82\x84\xe3\x81\xaa\xe6\xb8\xa9\xe6\xb3\x89\xe3\x82\xbf\xe3\x83\xa2\xe5\x8f\xaf\xe6\x84\x9b\xe3\x81\x84\xe3\x81\x8a\xe7\x96\xb2\xe3\x82\x8c\xe6\xa7\x98\xe3\x81\xa7\xe3\x83\xbc\xe3\x81\x99\xe9\xa0\xad\xe3\x81\xab\xe3\x81\xa4\xe3\x81\x84\xe3\x81\xa6\xe3\x82\x8b'
521.01284375,521.9072187500001,b'SPEAKER_00',b'When I want this'
521.9072187500001,522.0759687500001,b'SPEAKER_02',b''
522.0759687500001,522.44721875,b'SPEAKER_00',b'\xe6\x9c\xac\xe5\xbd\x93?'
524.8940937500001,526.3959687500001,b'SPEAKER_01',b'\xe3\x82\xab\xe3\x83\xa9\xe3\x83\x95\xe3\x83\xab\xe3\x81\xa7\xe5\x8f\xaf\xe6\x84\x9b\xe3\x81\x84\xe3\x81\xaa'
525.4172187500001,525.65346875,b'SPEAKER_00',b'\xe3\x81\xa0\xe3\x81\x8b\xe3\x82\x89'
526.49721875,527.1384687500001,b'SPEAKER_01',b'\xe3\x81\x8b\xe3\x82\x8f\xe3\x81\x84\xe3\x81\x84\xe3\x81\xad'
527.6953437500001,533.2978437500001,b'SPEAKER_01',b'\xe3\x81\xad\xe3\x80\x81\xe3\x81\x8b\xe3\x82\x8f\xe3\x81\x84\xe3\x81\x84\xe7\xa2\xba\xe3\x81\x8b\xe3\x81\x95\xe3\x81\xa3\xe3\x81\x8d\xe5\x87\xba\xe8\xb5\xb0\xe3\x81\xa0\xe3\x81\xa3\xe3\x81\x9f\xe6\xb0\x97\xe3\x81\x8c\xe3\x81\x99\xe3\x82\x8b\xe3\x81\x8b\xe3\x82\x89\xe6\x88\xbb\xe3\x82\x89\xe3\x82\x8c\xe3\x81\x9f\xe3\x82\x93\xe3\x81\xa0\xe7\xb5\x82\xe3\x82\x8f\xe3\x81\xa3\xe3\x81\x9f\xe3\x82\x93\xe3\x81\xa0\xe3\x81\xaa\xe3\x81\x8a\xe7\x96\xb2\xe3\x82\x8c\xe6\xa7\x98\xe3\x81\xa7\xe3\x81\x99'
531.4922187500001,533.21346875,b'SPEAKER_00',b'\xe7\xb5\x82\xe3\x82\x8f\xe3\x81\xa3\xe3\x81\x9f\xe3\x82\x93\xe3\x81\xa0\xe3\x81\xaa \xe3\x81\x8a\xe7\x96\xb2\xe3\x82\x8c\xe6\xa7\x98\xe3\x81\xa7\xe3\x81\x99'
534.5803437500001,535.6772187500001,b'SPEAKER_01',b'\xe3\x81\x84\xe3\x81\x84\xe3\x81\xa7\xe3\x81\x99\xe3\x81\xad'
536.58846875,540.3684687500001,b'SPEAKER_01',b'\xe3\x81\x93\xe3\x81\xae\xe9\xa1\x94\xe6\x96\x87\xe5\xad\x97\xe3\x81\xa3\xe3\x81\xbd\xe3\x81\x84\xe3\x82\x84\xe3\x81\xa4\xe3\x80\x81\xe3\x81\x93\xe3\x82\x8c\xe3\x81\xa9\xe3\x81\x86\xe3\x82\x84\xe3\x81\xa3\xe3\x81\xa6\xe6\x89\x8b\xe3\x81\xab\xe5\x85\xa5\xe3\x82\x8c\xe3\x82\x8b\xe3\x82\x93\xe3\x81\xa0\xe3\x81\xa3\xe3\x81\x91?\xe3\x81\xaa\xe3\x82\x93\xe3\x81\x8b\xe8\xa8\x80\xe3\x81\xa3\xe3\x81\xa6\xe3\x81\x9f\xe3\x82\x88\xe3\x81\xaa\xe3\x81\x81'
540.7903437500001,543.81096875,b'SPEAKER_01',b'\xe3\x82\xb9\xe3\x82\xbf\xe3\x83\xb3\xe3\x83\x97\xe3\x81\xa3\xe3\x81\xbd\xe3\x81\x84\xe3\x82\x84\xe3\x81\xa4\xe3\x81\x82\xe3\x82\x8b\xe3\x81\xad\xe3\x82\xa8\xe3\x83\xa2\xe3\x83\xbc\xe3\x83\x88\xe3\x81\xa3\xe3\x81\xbd\xe3\x81\x84\xe3\x81\xae'
541.0603437500001,542.4778437500001,b'SPEAKER_00',b'\xe3\x82\xb9\xe3\x82\xbf\xe3\x83\xb3\xe3\x83\x97\xe3\x81\xa3\xe3\x81\xbd\xe3\x81\x84\xe3\x82\x84\xe3\x81\xa4'
544.33409375,549.9197187500001,b'SPEAKER_01',b'\xe3\x81\xaa\xe3\x82\x93\xe3\x81\x8b\xe3\x83\x9d\xe3\x82\xa4\xe3\x83\xb3\xe3\x83\x88\xe4\xba\xa4\xe6\x8f\x9b\xe3\x81\xbf\xe3\x81\x9f\xe3\x81\x84\xe3\x81\xaa\xe8\xa8\x80\xe3\x81\xa3\xe3\x81\xa6\xe3\x81\xaa\xe3\x81\x8b\xe3\x81\xa3\xe3\x81\x9f\xe3\x81\x91\xe3\x81\xa9\xe3\x81\xaa\xe3\x82\x93\xe3\x81\x8b\xe3\x81\x9d\xe3\x82\x93\xe3\x81\xaa\xe3\x81\xab\xe3\x82\x84\xe3\x81\xa3\xe3\x81\x9f\xe3\x82\x88\xe3\x81\xaa\xe3\x81\xa1\xe3\x82\x87\xe3\x81\xa3\xe3\x81\xa8\xe5\xbe\x85\xe3\x81\xa3\xe3\x81\xa6\xe7\xa7\x81\xe3\x82\x89'
550.7634687500001,551.64096875,b'SPEAKER_01',b'\xe3\x83\x90\xe3\x82\xab\xe3\x83\x9d\xe3\x82\xb9\xe3\x82\xa4\xe3\x83\xb3'
553.61534375,558.57659375,b'SPEAKER_01',b'\xe3\x81\x9d\xe3\x82\x93\xe3\x81\xaa\xe3\x81\x93\xe3\x81\xa8\xe3\x81\xaa\xe3\x81\x84\xe3\x81\x9d\xe3\x82\x93\xe3\x81\xaa\xe3\x81\x93\xe3\x81\xa8\xe3\x81\xaa\xe3\x81\x84\xe5\x85\xa8\xe7\x84\xb6\xe3\x81\x8a\xe5\x96\x9c\xe3\x81\xb3\xe3\x81\xa0\xe3\x81\x97\xe5\x85\xa8\xe7\x84\xb6\xe5\x85\xa8\xe7\x84\xb6'
555.6909687500001,556.0959687500001,b'SPEAKER_02',b''
560.80409375,561.52971875,b'SPEAKER_01',b' bored out boy'
561.96846875,566.32221875,b'SPEAKER_01',b'\xe3\x81\xaa\xe3\x82\x93\xe3\x81\x8b\xe5\x8b\x95\xe7\x94\xbb\xe3\x81\x8b\xe3\x82\x89\xe8\xa6\x8b\xe3\x82\x89\xe3\x82\x8c\xe3\x81\xa6\xe3\x82\x8b\xe6\xb0\x97\xe3\x81\x8c\xe3\x81\x99\xe3\x82\x8b\xe3\x81\x91\xe3\x81\xa9\xe3\x81\x93\xe3\x82\x8c\xe3\x81\xa7\xe6\xb8\xa9\xe6\xb3\x89\xe5\x9b\x9e\xe3\x81\xa3\xe3\x81\xa6\xe3\x82\x8b\xe4\xba\xba\xe3\x81\xbf\xe3\x81\x9f\xe3\x81\x84\xe3\x81\x98\xe3\x82\x83\xe3\x81\xaa\xe3\x81\x84?'
562.08659375,562.20471875,b'SPEAKER_00',b''
562.20471875,563.47034375,b'SPEAKER_02',b''
563.47034375,563.48721875,b'SPEAKER_00',b''
563.8415937500001,563.8584687499999,b'SPEAKER_00',b''
563.8584687499999,564.9722187500001,b'SPEAKER_02',b'\xe3\x81\x93\xe3\x82\x8c\xe3\x81\xa7\xe6\xb8\xa9\xe6\xb3\x89?'
564.9722187500001,565.03971875,b'SPEAKER_00',b''
568.1615937500001,568.81971875,b'SPEAKER_01',b'\xe3\x83\x9e\xe3\x83\x8a\xe3\x83\xbc\xe3\x83\x90\xe3\x83\x83'
572.07659375,574.32096875,b'SPEAKER_01',b'\xe4\xb8\xbb\xe8\x84\xb3\xe3\x82\x92\xe5\x8f\x97\xe3\x81\x91\xe3\x82\x8b\xe3\x81\x97\xe3\x81\xa6\xe3\x82\x82 \xe3\x82\x82\xe3\x81\x86\xe3\x81\x99\xe3\x81\xad\xe3\x83\xbc\xe3\x81\x8f\xe3\x82\x93 \xe3\x81\x88\xe3\x83\xbc\xe3\x81\xa8'
576.95346875,582.60659375,b'SPEAKER_01',b'\xe4\xb8\x8a\xe3\x81\x8c\xe3\x82\x8c\xe3\x81\xaa\xe3\x81\x84\xe3\x81\xae\xe3\x81\x8b?\xe3\x81\x82\xe3\x82\x8c\xe3\x81\xaf\xe9\xa3\x9b\xe3\x81\xb9\xe3\x82\x8b\xe4\xba\xba\xe3\x81\xa0\xe3\x81\x91\xe3\x81\xae\xe3\x81\xaa\xe3\x82\x8b\xe3\x81\xbb\xe3\x81\xa9\xe3\x81\xad\xe9\xa2\xa8\xe7\x94\xa3\xe6\xa8\xa9\xe9\x99\x90\xe6\xa8\xa9\xe9\x99\x90\xe3\x81\xa0\xe3\x81\xaa\xe3\x82\x93\xe3\x81\x8b\xe3\x81\x93\xe3\x81\x93\xe9\xa3\x9b\xe3\x81\xb3\xe9\x99\x8d\xe3\x82\x8a\xe3\x81\x9d\xe3\x81\x86\xe3\x81\xaa\xe3\x81\xae\xe3\x81\x8c\xe3\x81\x82\xe3\x82\x8b'
579.4509687500001,579.8728437500001,b'SPEAKER_02',b'\xe3\x81\x94\xe8\xa6\x96\xe8\x81\xb4\xe3\x81\x82\xe3\x82\x8a\xe3\x81\x8c\xe3\x81\xa8\xe3\x81\x86\xe3\x81\x94\xe3\x81\x96\xe3\x81\x84\xe3\x81\xbe\xe3\x81\x97\xe3\x81\x9f'
579.8728437500001,579.8897187499999,b'SPEAKER_00',b''
582.8090937500001,583.5347187500001,b'SPEAKER_01',b'\xe3\x81\x84\xe3\x82\x84\xe3\x80\x81\xe6\xad\xbb\xe3\x81\xac\xe3\x81\x9e!'
586.25159375,587.7197187500001,b'SPEAKER_01',b'\xe3\x81\x84\xe3\x82\x84\xe3\x80\x81\xe3\x81\x86\xe3\x83\xbc\xe3\x82\x93\xe6\xb0\x97\xe3\x82\x92\xe3\x81\xa4\xe3\x81\x91\xe3\x81\x9f\xe3\x82\x88'
587.23034375,587.4328437500001,b'SPEAKER_02',b''
588.1922187499999,593.7947187500001,b'SPEAKER_01',b'\xe6\x9c\xac\xe5\xbd\x93\xe3\x81\xae\xe8\xbe\xba\xe3\x82\x8a\xe3\x82\x92\xe7\x8b\x99\xe3\x81\xa3\xe3\x81\x9f\xe3\x83\x92\xe3\x83\xa5\xe3\x83\xb3\xe3\x81\x8c\xe8\x81\x9e\xe3\x81\x93\xe3\x81\x88\xe3\x81\x9f\xe3\x81\x91\xe3\x81\xa9\xe6\xb0\x97\xe3\x81\xae\xe3\x81\x9b\xe3\x81\x84\xe6\xb0\x97\xe3\x81\xae\xe3\x81\x9b\xe3\x81\x84\xe6\xad\xbb\xe3\x81\xac\xe3\x81\x9e\xe3\x81\xa3\xe3\x81\xa6\xe8\xa8\x80\xe3\x81\xa3\xe3\x81\x9f\xe4\xb8\x8a\xe3\x81\xa7\xe5\x8f\xa9\xe3\x81\x8f\xe3\x81\xae\xe3\x81\xaf\xe3\x82\x82\xe3\x81\x86\xe6\xae\xba\xe3\x81\x99\xe3\x81\xa3\xe3\x81\xa6\xe6\x84\x8f\xe5\x91\xb3\xe3\x81\x8c'
589.81221875,589.8459687500001,b'SPEAKER_00',b''
589.8459687500001,590.7234687499999,b'SPEAKER_02',"b""\xe7\xa5\x9e Tiffany's"""
593.82846875,594.13221875,b'SPEAKER_01',b'w'
594.72284375,598.75596875,b'SPEAKER_01',b'\xe3\x81\x84\xe3\x82\x84\xe3\x81\x84\xe3\x82\x84\xe3\x80\x81\xe3\x82\xa2\xe3\x82\xa4\xe3\x82\xb9\xe9\xa3\x9f\xe3\x81\xb9\xe3\x82\x88\xe3\x81\x86\xe3\x81\xa8\xe3\x81\x97\xe3\x81\x9f\xe3\x81\xa0\xe3\x81\x91\xe3\x80\x82\xe3\x82\xa2\xe3\x82\xa4\xe3\x82\xb9\xe9\xa3\x9f\xe3\x81\xb9\xe3\x82\x88\xe3\x81\x86\xe3\x81\xa8\xe3\x80\x82\xe3\x81\x82\xe3\x81\x82\xe3\x80\x81\xe3\x81\xbb\xe3\x82\x93\xe3\x81\xa8\xe3\x81\xa0\xe3\x80\x82\xe6\xad\xbb\xe3\x81\xac\xe3\x81\x9e\xe3\x80\x81\xe3\x83\x91\xe3\x82\xab\xe3\x83\xbc!\xe3\x81\xbf\xe3\x81\x9f\xe3\x81\x84\xe3\x81\xaa\xe3\x80\x82'
594.97596875,595.0265937500001,b'SPEAKER_02',b''
595.0265937500001,595.26284375,b'SPEAKER_00',b''
595.26284375,595.4822187500001,b'SPEAKER_02',b'\xe3\x83\x90\xe3\x82\xa4!'
595.4822187500001,595.8872187500001,b'SPEAKER_00',b''
597.40596875,597.5747187500001,b'SPEAKER_00',b''
597.5747187500001,597.9797187500001,b'SPEAKER_02',b'\xe3\x83\x91\xe3\x82\xab\xe3\x83\x83'
599.5659687500001,614.7197187500001,b'SPEAKER_01',b'\xe3\x81\x9d\xe3\x81\x86\xe3\x81\x9d\xe3\x81\x86\xe3\x81\x9d\xe3\x81\x86\xe3\x81\x9d\xe3\x81\x86\xe6\xad\xbb\xe3\x82\x92\xe6\x84\x8f\xe8\xad\x98\xe3\x81\x97\xe3\x81\x9f\xe9\x80\x94\xe7\xab\xaf\xe3\x81\xab\xe3\x81\xad\xe7\x94\x9f\xe5\xad\x98\xe6\xb3\x95\xe3\x81\xae\xe6\x96\xb9\xe3\x81\x8c\xe3\x81\x8a\xe6\xa5\xbd\xe3\x81\x97\xe3\x81\xbf\xe3\x81\xa0\xe3\x81\xaa\xe3\x81\x9d\xe3\x81\x86\xe3\x81\x9d\xe3\x81\x86\xe9\xa3\x9f\xe6\xac\xb2\xe3\x81\x8c\xe6\xb2\xb8\xe3\x81\x84\xe3\x81\xa6\xe3\x81\x82\xe3\x83\xbc\xe3\x81\xaa\xe3\x82\x8b\xe3\x81\xbb\xe3\x81\xa9\xe3\x81\xad\xe3\x81\xb5\xe3\x81\x8f\xe3\x82\x89\xe3\x81\xa3\xe3\x81\xa6\xe3\x82\x84\xe3\x81\xa3\xe3\x81\x9f\xe3\x82\x89\xe3\x81\xad\xe3\x81\xaa\xe3\x82\x89\xe3\x80\x81\xe3\x81\xaa\xe3\x82\x89\xe3\x81\x97\xe3\x82\x83\xe3\x83\xbc\xe3\x81\xaa\xe3\x81\x84\xe3\x82\x8f\xe3\x81\xad\xe3\x80\x81\xe5\x85\xa8\xe7\x84\xb6\xe3\x81\x9d\xe3\x81\x86\xe3\x81\x98\xe3\x82\x83\xe3\x82\x93\xe3\x81\x8a\xe5\x89\x8d\xe3\x82\x82\xe3\x81\xaa\xe3\x82\x93\xe3\x81\x8b\xe8\xa8\x80\xe3\x81\x84\xe3\x81\x8c\xe3\x81\x8b\xe3\x82\x8a\xe3\x81\xbf\xe3\x81\x9f\xe3\x81\x84\xe3\x81\xab\xe3\x81\xaa\xe3\x81\xa3\xe3\x81\xa1\xe3\x82\x83\xe3\x81\xa3\xe3\x81\x9f\xe3\x82\x88\xe3\x81\x84\xe3\x82\x84\xe3\x81\x84\xe3\x81\x84\xe3\x82\x88\xe3\x81\x84\xe3\x81\x84\xe3\x82\x88\xe6\x98\x8e\xe6\x97\xa5\xe3\x82\x82\xe3\x81\xad\xe3\x80\x81\xe6\xb0\x97\xe6\x8c\x81\xe3\x81\xa1\xe3\x81\x84\xe3\x81\x84\xe3\x81\x97\xe4\xb8\x80\xe7\xb7\x92\xe3\x81\xab\xe8\xa1\x8c\xe3\x81\x8f\xe3\x81\x97\xe4\xbb\xb2\xe8\x89\xaf\xe3\x81\x8f\xe3\x81\x97\xe3\x81\xa8\xe3\x81\x84\xe3\x81\xa6\xe3\x82\x82\xe5\x85\xa8\xe7\x84\xb6\xe5\x85\xa8\xe7\x84\xb6\xe3\x80\x81\xe3\x81\xaa\xe3\x82\x89\xe3\x81\xad'
602.6709687499999,602.7553437500001,b'SPEAKER_00',b'\xe3\x81\x94\xe8\xa6\x96\xe8\x81\xb4\xe3\x81\x82\xe3\x82\x8a\xe3\x81\x8c\xe3\x81\xa8\xe3\x81\x86\xe3\x81\x94\xe3\x81\x96\xe3\x81\x84\xe3\x81\xbe\xe3\x81\x97\xe3\x81\x9f!'
602.7553437500001,603.97034375,b'SPEAKER_02',b'\xe3\x81\x9d\xe3\x82\x82\xe3\x81\x9d\xe3\x82\x82\xe9\xa3\x9f\xe6\xac\xb2\xe3\x81\x8c\xe3\x82\x8f\xe3\x81\x84\xe3\x81\xa6\xe3\x82\x8b'
603.97034375,604.27409375,b'SPEAKER_00',b'\xe3\x83\x98\xe3\x83\x83'
604.27409375,604.84784375,b'SPEAKER_02',b''
604.84784375,604.8815937500001,b'SPEAKER_00',b''
604.8815937500001,606.53534375,b'SPEAKER_02',b' aseg\xe3\x81\x8f\xe2\x9c\x8b'
606.53534375,606.65346875,b'SPEAKER_00',b'\xe3\x81\x94\xe8\xa6\x96\xe8\x81\xb4\xe3\x81\x82\xe3\x82\x8a\xe3\x81\x8c\xe3\x81\xa8\xe3\x81\x86\xe3\x81\x94\xe3\x81\x96\xe3\x81\x84\xe3\x81\xbe\xe3\x81\x97\xe3\x81\x9f!'
607.1259687500001,607.1765937499999,b'SPEAKER_00',b''
607.1765937499999,607.2778437500001,b'SPEAKER_02',b''
608.08784375,608.6784687500001,b'SPEAKER_02',b'\xe3\x81\x9d\xe3\x81\x86\xe3\x81\xa7\xe3\x81\x99\xe3\x80\x81\xe3\x81\x99\xe3\x81\x94\xe3\x81\x84\xe5\xa4\xa7\xe5\xa4\x89\xe3\x81\xaa'
608.6784687500001,608.7122187500001,b'SPEAKER_00',b''
610.01159375,610.02846875,b'SPEAKER_00',b'\xe3\x81\x94\xe8\xa6\x96\xe8\x81\xb4\xe3\x81\x82\xe3\x82\x8a\xe3\x81\x8c\xe3\x81\xa8\xe3\x81\x86\xe3\x81\x94\xe3\x81\x96\xe3\x81\x84\xe3\x81\xbe\xe3\x81\x97\xe3\x81\x9f!'
610.02846875,610.41659375,b'SPEAKER_02',b''
614.9897187500001,615.8672187500001,b'SPEAKER_01',b'\xe3\x81\xaf\xe3\x82\x86\xe5\xbc\x95\xe3\x81\x8d\xe3\x81\xa7'
618.9722187500001,620.28846875,b'SPEAKER_01',b'\xe3\x81\x82\xe3\x81\x9d\xe3\x81\x93\xe3\x81\xae\xe3\x81\x86\xe3\x82\x8f\xe3\x81\x81\xe4\xbd\x95?'
622.83659375,623.95034375,b'SPEAKER_01',b'\xe3\x81\x88?\xe3\x81\xbf\xe3\x82\x93\xe3\x81\xaa\xe3\x81\xab\xe8\x81\x9e\xe3\x81\x93\xe3\x81\x88\xe3\x81\xaa\xe3\x81\x8b\xe3\x81\xa3\xe3\x81\x9f\xe3\x81\xae?'
625.36784375,625.60409375,b'SPEAKER_01',b'\xe3\x81\x84\xe3\x81\xa3'
628.72596875,630.00846875,b'SPEAKER_01',b'\xe3\x83\x89\xe3\x82\xab\xe3\x83\xbc\xe3\x83\xb3\xe3\x81\xa8\xe3\x83\x89\xe3\x82\xad\xe3\x82\xb3\xe3\x82\xa4\xe3\x81\xaa\xe3\x81\x8b\xe3\x81\xa3\xe3\x81\x9f?'
630.16034375,630.29534375,b'SPEAKER_01',b'\xe3\x81\x88?'
630.8859687500001,631.37534375,b'SPEAKER_01',b''
631.6115937500001,632.42159375,b'SPEAKER_01',b'\xe6\x9c\xac\xe5\xbd\x93\xe3\x81\xab\xe3\x81\xa9\xe3\x81\x93?'
633.4509687500001,638.00721875,b'SPEAKER_01',b'\xe3\x81\xaa\xe3\x81\xab\xe3\x83\x89\xe3\x82\xab\xe3\x83\xb3\xe3\x81\xa3\xe3\x81\xa6\xe3\x81\x88\xe3\x80\x81\xe8\xa6\x96\xe8\x81\xb4\xe8\x80\x85\xe3\x81\x95\xe3\x82\x93\xe3\x81\xbf\xe3\x82\x93\xe3\x81\xaa\xe8\x81\x9e\xe3\x81\x93\xe3\x81\x88\xe3\x81\x9f\xe3\x82\x88\xe3\x81\xad\xe3\x81\x88\xe3\x80\x81\xe8\x81\x9e\xe3\x81\x93\xe3\x81\x88\xe3\x81\x9f\xe3\x82\x88\xe3\x81\xad\xe3\x83\x89\xe3\x82\xb3\xe3\x83\xb3'
639.15471875,640.9265937499999,b'SPEAKER_01',b'\xe3\x81\x82\xe3\x83\xbc\xe3\x81\xbb\xe3\x82\x89\xe3\x81\xbb\xe3\x82\x89\xe3\x81\xbb\xe3\x82\x89\xe3\x81\xbb\xe3\x82\x89\xe3\x81\xbb\xe3\x82\x89'
640.7240937500001,640.85909375,b'SPEAKER_00',b''
640.9265937499999,645.9722187500001,b'SPEAKER_02',b'\xe3\x81\xaa\xe3\x81\xab\xe3\x81\xaa\xe3\x81\xab\xe6\x80\x96\xe3\x81\x84\xe3\x81\xae\xe3\x81\xaf\xe3\x81\xa9\xe3\x81\x86\xe3\x81\x97\xe3\x81\x9f\xe3\x81\xae\xe3\x81\x86\xe3\x81\x9d\xe3\x81\x86\xe3\x81\x9d\xe3\x81\x84\xe3\x81\x84\xe3\x81\x8b\xe3\x82\x89\xe3\x81\x95\xe3\x81\xa3\xe3\x81\x8d\xe3\x81\xa1\xe3\x82\x87\xe3\x81\xa3\xe3\x81\xa8\xe6\x82\xaa\xe3\x81\xb5\xe3\x81\x96\xe3\x81\x91\xe3\x81\x97\xe3\x81\x9f\xe3\x81\x8b\xe3\x82\x89\xe3\x81\xa3\xe3\x81\xa6'
641.1797187500001,650.22471875,b'SPEAKER_01',b'\xe3\x81\xaa\xe3\x81\xab\xe3\x81\xaa\xe3\x81\xab\xe6\x80\x96\xe3\x81\x84\xe3\x81\xae\xe3\x81\xaf\xe3\x81\xa9\xe3\x81\x86\xe3\x81\x97\xe3\x81\x9f\xe3\x81\xae?\xe3\x81\x86\xe3\x81\x9d\xe3\x81\x86\xe3\x81\x9d\xe3\x80\x81\xe3\x81\x8a\xe3\x81\x8b\xe3\x81\x97\xe3\x81\x84\xe3\x81\x8a\xe3\x81\x8b\xe3\x81\x97\xe3\x81\x84\xe3\x81\x84\xe3\x82\x84\xe3\x81\x84\xe3\x82\x84\xe3\x81\x84\xe3\x82\x84\xe3\x80\x81\xe3\x81\x84\xe3\x82\x84\xe3\x81\x84\xe3\x82\x84\xe3\x81\x84\xe3\x82\x84\xe3\x81\xa9\xe3\x81\x93\xe3\x81\xab\xe8\xa1\x8c\xe3\x81\x93\xe3\x81\x86\xe3\x81\x97\xe3\x82\x88\xe3\x81\x86\xe3\x83\x9b\xe3\x83\xb3\xe3\x83\x88\xe3\x81\xab\xe3\x82\x82\xe3\x81\x86\xe3\x83\x9b\xe3\x83\xb3\xe3\x83\x88\xe3\x81\xab'
645.9722187500001,646.15784375,b'SPEAKER_00',b'\xe3\x81\x94\xe8\xa6\x96\xe8\x81\xb4\xe3\x81\x82\xe3\x82\x8a\xe3\x81\x8c\xe3\x81\xa8\xe3\x81\x86\xe3\x81\x94\xe3\x81\x96\xe3\x81\x84\xe3\x81\xbe\xe3\x81\x97\xe3\x81\x9f!'
646.15784375,649.26284375,b'SPEAKER_02',b'\xe3\x81\x84\xe3\x82\x84\xe3\x81\x84\xe3\x82\x84\xe3\x81\x84\xe3\x82\x84\xe3\x80\x81\xe3\x81\xa9\xe3\x81\x93\xe3\x81\xab\xe8\xa1\x8c\xe3\x81\x93\xe3\x81\x86\xe3\x81\x97\xe3\x82\x88!'
650.54534375,660.11346875,b'SPEAKER_01',b'\xe5\x98\x98\xe3\x81\xab\xe3\x81\xaa\xe3\x81\xa3\xe3\x81\x9f\xe3\x82\x84\xe3\x82\x93\xe3\x81\xaa!\xe5\x85\xa8\xe3\x81\x8f\xe3\x81\xb2\xe3\x81\xa9\xe3\x81\x84\xe3\x82\x88\xe3\x81\xaa\xe3\x81\x88\xe3\x81\x87!\xe5\x98\x98\xe5\x98\x98!\xe3\x83\x9b\xe3\x83\xb3\xe3\x83\x88\xe3\x81\xa0\xe3\x82\x82\xe3\x82\x93!\xe7\xb5\xb6\xe5\xaf\xbe\xe3\x81\xab\xe3\x81\xaa\xe3\x81\xa3\xe3\x81\xa6\xe3\x82\x82\xe3\x82\x93!\xe3\x83\x9b\xe3\x83\xb3\xe3\x83\x88\xe3\x81\xa0\xe3\x82\x82\xe3\x82\x93!\xe8\x81\x9e\xe3\x81\x93\xe3\x81\x88\xe3\x81\xaa\xe3\x81\x84\xe3\x82\x8f\xe3\x81\x91\xe3\x81\xa0\xe3\x82\x8d'
653.0090937500001,653.02596875,b'SPEAKER_02',b'\xe3\x81\x94\xe8\xa6\x96\xe8\x81\xb4\xe3\x81\x82\xe3\x82\x8a\xe3\x81\x8c\xe3\x81\xa8\xe3\x81\x86\xe3\x81\x94\xe3\x81\x96\xe3\x81\x84\xe3\x81\xbe\xe3\x81\x97\xe3\x81\x9f'
653.02596875,654.2409687500001,b'SPEAKER_00',b'Iyankyo'
655.47284375,658.71284375,b'SPEAKER_00',b'\xe8\x81\x9e\xe3\x81\x93\xe3\x81\x88\xe3\x81\xaa\xe3\x81\x84'
658.7465937500001,658.81409375,b'SPEAKER_00',b''
660.9740937500001,663.31971875,b'SPEAKER_01',b'\xe3\x81\xaa\xe3\x82\x93\xe3\x81\xa7\xe3\x81\xa1\xe3\x82\x87\xe3\x81\xa3\xe3\x81\xa8\xe3\x81\xbe\xe3\x81\x95\xe3\x81\x8a\xe3\x81\x8f\xe3\x81\xbf\xe3\x81\x9f\xe3\x81\x84\xe3\x81\xab\xe3\x81\xaa\xe3\x82\x8b\xe3\x81\xae?'
663.31971875,663.5222187500001,b'SPEAKER_00',b'\xe5\xad\x97\xe5\xb9\x95\xe8\xa6\x96\xe8\x81\xb4\xe3\x81\x82\xe3\x82\x8a\xe3\x81\x8c\xe3\x81\xa8\xe3\x81\x86\xe3\x81\x94\xe3\x81\x96\xe3\x81\x84\xe3\x81\xbe\xe3\x81\x97\xe3\x81\x9f!'
663.8259687500001,665.15909375,b'SPEAKER_00',b''
665.96909375,667.0490937500001,b'SPEAKER_00',b'\xe3\x81\xb2\xe3\x81\xa9\xe3\x81\x84\xe3\x82\x88!'
667.3022187500001,667.3190937500001,b'SPEAKER_00',b'\xe3\x81\x94\xe8\xa6\x96\xe8\x81\xb4\xe3\x81\x82\xe3\x82\x8a\xe3\x81\x8c\xe3\x81\xa8\xe3\x81\x86\xe3\x81\x94\xe3\x81\x96\xe3\x81\x84\xe3\x81\xbe\xe3\x81\x97\xe3\x81\x9f'
668.83784375,671.1159687500001,b'SPEAKER_00',b'\xe3\x81\x86\xe3\x81\x9d\xe3\x80\x81\xe3\x81\x9d\xe3\x81\x86\xe3\x81\x84\xe3\x81\x86\xe3\x81\x93\xe3\x81\xa8\xe8\xa8\x80\xe3\x82\x8f\xe3\x82\x93\xe3\x81\xab\xe3\x82\x83\xe3\x82\x8d?'
671.1159687500001,671.1328437500001,b'SPEAKER_02',b'\xe3\x81\x94\xe8\xa6\x96\xe8\x81\xb4\xe3\x81\x82\xe3\x82\x8a\xe3\x81\x8c\xe3\x81\xa8\xe3\x81\x86\xe3\x81\x94\xe3\x81\x96\xe3\x81\x84\xe3\x81\xbe\xe3\x81\x97\xe3\x81\x9f'
671.1328437500001,671.9765937500001,b'SPEAKER_00',b''
671.9765937500001,672.46596875,b'SPEAKER_02',b''
672.46596875,672.7022187500002,b'SPEAKER_00',b''
673.56284375,674.55846875,b'SPEAKER_02',b'\xe3\x81\x86\xe3\x81\x9d\xe3\x81\xa3'
674.9297187500001,675.68909375,b'SPEAKER_02',b'\xe3\x81\xba\xe3\x83\xbb\xe3\x81\xba\xe3\x83\xbb\xe3\x81\xba\xe3\x83\xbb\xe3\x81\xba\xe3\x83\xbb\xe3\x81\xba\xe3\x83\xbb cracked'
680.22846875,682.7934687500001,b'SPEAKER_01',b'\xe3\x81\x82\xe3\x80\x81\xe4\xbb\x8a\xe8\x90\xbd\xe3\x81\xa8\xe3\x81\x97\xe3\x81\x9f\xe3\x81\xae\xe7\xa7\x81\xe3\x81\xaf\xe6\x8c\x81\xe3\x81\xa3\xe3\x81\x9f\xe3\x81\x8b\xe3\x82\x82'
680.4140937500001,682.1184687500001,b'SPEAKER_02',b'\xe3\x81\x82\xe3\x80\x81\xe4\xbb\x8a\xe8\x90\xbd\xe3\x81\xa8\xe3\x81\x97\xe3\x81\x9f\xe3\x81\xae?\xe7\xa7\x81\xe3\x81\xaf'
683.82284375,684.3290937500001,b'SPEAKER_01',b'\xe3\x81\xa9\xe3\x81\x93\xe3\x81\x98\xe3\x82\x83\xe3\x82\x93'
685.13909375,685.83096875,b'SPEAKER_01',b'\xe3\x81\x82\xe3\x80\x81\xe3\x81\x86\xe3\x82\x93'
685.83096875,687.2990937500001,b'SPEAKER_02',b'\xe3\x81\xbb\xe3\x81\xa3\xe3\x81\xa8\xe3\x82\x8b\xe3\x81\x93\xe3\x81\xa8'
686.37096875,687.68721875,b'SPEAKER_01',b'\xe3\x82\x8f\xe3\x81\x8b\xe3\x81\xa3\xe3\x81\x9f\xe3\x80\x81\xe6\x92\xae\xe3\x82\x8c\xe3\x81\x9f'
690.0834687500001,691.5347187500001,b'SPEAKER_01',b'\xe3\x81\x93\xe3\x81\x86?\xe8\xa6\x8b\xe3\x81\x88\xe3\x81\xa6\xe3\x82\x8b?'
693.0365937500001,694.26846875,b'SPEAKER_01',b'\xe3\x81\x93\xe3\x81\x86\xe3\x81\x8b?\xe8\xa6\x8b\xe3\x81\x88\xe3\x82\x8b\xe8\xa6\x8b\xe3\x81\x88\xe3\x82\x8b'
695.0615937500002,696.54659375,b'SPEAKER_01',b'\xe6\xb3\xa3\xe3\x81\x84\xe3\x81\xa6\xe3\x82\x8b!\xe3\x81\xa9\xe3\x81\x86\xe3\x81\x97\xe3\x81\x9f\xe3\x81\x84\xe3\x81\xae\xe3\x81\xab!'
697.6772187500001,697.91346875,b'SPEAKER_01',b'CM\xe5\x9b\xb3\xe6\x9f\x84\xe3\x81\xbf\xe3\x81\x9f\xe3\x81\x84\xe3\x81\xab\xe3\x83\x96\xe3\x83\xa9\xe3\x83\x83\xe3\x82\xaf\xe3\x81\xaa\xe9\x9b\xb7\xe5\x8a\xb9\xe6\x9e\x9c\xe3\x81\x8c\xe3\x81\x82\xe3\x82\x8b\xe3\x81\xae\xe3\x81\xa7\xe3\x80\x81'
698.60534375,699.49971875,b'SPEAKER_01',b'\xe3\x81\x82\xe3\x80\x81\xe3\x81\x82\xe3\x80\x81\xe6\x84\x9f\xe3\x81\x98\xe6\x82\xaa\xe3\x81\x84'
702.1828437500001,702.41909375,b'SPEAKER_01',b''
707.44784375,708.32534375,b'SPEAKER_01',b'\xe3\x82\x82\xe3\x81\xa3\xe3\x81\xa8\xe5\xa4\xb1\xe6\x95\x97\xe3\x81\x97\xe3\x81\xa6'
710.6203437500001,711.58221875,b'SPEAKER_01',b'\xe3\x82\x82\xe3\x81\x86\xe4\xb8\x80\xe5\x9b\x9e\xe5\xa4\xb1\xe6\x95\x97'
711.86909375,714.38346875,b'SPEAKER_01',b'\xe5\xbf\x83\xe9\x85\x8d\xe3\x81\x97\xe3\x81\xa6\xe3\x82\x82\xe3\x81\x86\xe4\xb8\x80\xe5\x9b\x9e\xe3\x81\x82\xe3\x82\x93\xe3\x81\xa9\xe3\x81\x84\xe3\x81\x95\xe3\x81\x84\xe3\x81\xab'
716.9822187500001,727.3603437500001,b'SPEAKER_01',b'\xe5\xa4\xa7\xe4\xb8\x88\xe5\xa4\xab?\xe3\x82\x88\xe3\x81\x8b\xe3\x81\xa3\xe3\x81\x9f!\xe3\x82\x88\xe3\x81\x8b\xe3\x81\xa3\xe3\x81\x9f!\xe5\x85\xa8\xe7\x84\xb6\xe5\xa4\xa7\xe4\xb8\x88\xe5\xa4\xab\xe3\x81\xbf\xe3\x81\x9f\xe3\x81\x84!\xe3\x82\x88\xe3\x81\x8b\xe3\x81\xa3\xe3\x81\x9f!\xe5\xbf\x83\xe9\x85\x8d\xe3\x81\xa7\xe6\x90\x8d\xe3\x81\x97\xe3\x81\x9f\xe3\x81\xa7!\xe3\x82\x88\xe3\x81\x8b\xe3\x81\xa3\xe3\x81\x9f\xe3\x82\x84\xe3\x82\x93!\xe4\xbb\x8a\xe3\x81\xae\xe3\x81\x95\xe3\x80\x81\xe3\x82\x82\xe3\x81\x86\xe4\xb8\x80\xe5\x9b\x9e\xe5\xbf\x83\xe9\x85\x8d\xe3\x81\x97\xe3\x81\xa6\xe3\x80\x81\xe3\x82\x81\xe3\x81\xa3\xe3\x81\xa1\xe3\x82\x83\xe5\x9c\xb0\xe5\x9f\x9f\xe5\xb7\x9d\xe3\x81\xae\xe3\x83\xa2\xe3\x83\xa2\xe3\x83\xb3\xe3\x81\x8c\xe2\x80\xa6'
718.1128437500001,718.1297187499999,b'SPEAKER_00',b'\xe3\x81\x94\xe8\xa6\x96\xe8\x81\xb4\xe3\x81\x82\xe3\x82\x8a\xe3\x81\x8c\xe3\x81\xa8\xe3\x81\x86\xe3\x81\x94\xe3\x81\x96\xe3\x81\x84\xe3\x81\xbe\xe3\x81\x97\xe3\x81\x9f'
718.16346875,718.56846875,b'SPEAKER_00',b'w'
719.2097187500001,719.6315937500001,b'SPEAKER_00',b''
722.95596875,724.66034375,b'SPEAKER_00',b'\xe3\x81\x95\xe3\x81\x81\xe3\x82\x82\xe3\x81\x86\xe4\xb8\x80\xe5\x9b\x9e\xe3\x81\x97'
728.1028437500001,729.85784375,b'SPEAKER_01',b'\xe9\x87\x91\xe3\x81\x95\xe3\x82\x93\xe3\x81\xae.'
728.45721875,729.26721875,b'SPEAKER_02',b'\xe3\x81\x9aHe Austria'
729.85784375,729.87471875,b'SPEAKER_02',b'\xe3\x81\x94\xe8\xa6\x96\xe8\x81\xb4\xe3\x81\x82\xe3\x82\x8a\xe3\x81\x8c\xe3\x81\xa8\xe3\x81\x86\xe3\x81\x94\xe3\x81\x96\xe3\x81\x84\xe3\x81\xbe\xe3\x81\x97\xe3\x81\x9f'
731.64659375,734.21159375,b'SPEAKER_01',b'\xe3\x81\x8a\xe3\x81\x84\xe5\xbf\x83\xe9\x85\x8d\xe3\x81\x97\xe3\x82\x8d\xe3\x81\xa1\xe3\x82\x87\xe3\x81\xa3\xe3\x81\xa8\xe5\xb1\xa5\xe4\xbf\xae\xe3\x81\x97\xe3\x81\xa6\xe3\x81\xb8\xe3\x82\x93\xe3\x81\xad\xe3\x82\x93\xe3\x81\xaa'
737.16471875,739.08846875,b'SPEAKER_01',b'\xe3\x81\x82\xe3\x83\xbc\xe3\x80\x81\xe3\x81\x93\xe3\x81\x93\xe3\x81\xaf\xe3\x80\x81\xe3\x81\x8d\xe3\x81\x9f\xe3\x81\xaa'
739.4934687500001,742.8347187500001,b'SPEAKER_01',b'\xe3\x81\x93\xe3\x81\x93\xe3\x81\xaf\xe5\x85\xa5\xe3\x81\xa3\xe3\x81\x9f\xe3\x81\xa8\xe3\x81\x93\xe3\x82\x84\xe9\xbb\x84\xe8\x89\xb2\xe3\x81\x84\xe5\xbb\xba\xe7\x89\xa9\xe3\x81\xa3\xe3\x81\xa6\xe5\x85\xa5\xe3\x81\xa3\xe3\x81\xa6\xe3\x81\x8d\xe3\x81\x9f\xe3\x81\xa8\xe3\x81\x93'
740.40471875,740.4384687500001,b'SPEAKER_02',b'\xe3\x81\x94\xe8\xa6\x96\xe8\x81\xb4\xe3\x81\x82\xe3\x82\x8a\xe3\x81\x8c\xe3\x81\xa8\xe3\x81\x86\xe3\x81\x94\xe3\x81\x96\xe3\x81\x84\xe3\x81\xbe\xe3\x81\x97\xe3\x81\x9f!'
743.76284375,744.35346875,b'SPEAKER_01',b'\xe9\xa1\x94\xe7\x9b\xae\xe3\x81\x8c\xe3\x81\x82\xe3\x82\x8b'
744.3703437500001,744.43784375,b'SPEAKER_01',b''
744.5390937500001,744.6740937500001,b'SPEAKER_01',b'\xe3\x81\x82'
744.8259687500001,745.01159375,b'SPEAKER_01',b'\xe3\x81\xaf\xe3\x81\x84'
745.31534375,746.0747187500001,b'SPEAKER_01',b'\xe3\x81\xa9\xe3\x81\x86\xe3\x81\x9e'
745.5347187500001,745.90596875,b'SPEAKER_02',b'\xe3\x81\xa9\xe3\x81\x86\xe3\x81\x9e'
748.09971875,749.4497187500001,b'SPEAKER_01',b'\xe6\x92\xae\xe3\x81\xa3\xe3\x81\xa6\xe3\x81\x82\xe3\x81\x92\xe3\x82\x8b\xe3\x81\x8b\xe3\x82\x892\xe4\xba\xba\xe7\x94\xa8'
750.6140937499999,751.7109687500001,b'SPEAKER_01',b'\xe3\x81\xa9\xe3\x81\x86\xe3\x81\x9e'
752.16659375,752.7065937500001,b'SPEAKER_01',b'\xe3\x81\xad\xe3\x81\xa3'
753.5165937500001,754.98471875,b'SPEAKER_01',b'\xe3\x81\x82\xe3\x83\xbc\xe3\x81\x86\xe3\x81\xa1\xe3\x81\x8c\xe3\x82\x84\xe3\x81\xa3\xe3\x81\x9f\xe3\x82\x89\xe3\x82\x84\xe3\x82\x8b\xe3\x81\x8b\xe3\x81\xaa'
756.45284375,758.12346875,b'SPEAKER_01',b'\xe3\x81\x99\xe3\x81\x94\xe3\x81\x84\xe3\x81\xaa\xe3\x82\x93\xe3\x81\x8b\xe3\x82\xad\xe3\x83\xa9\xe3\x82\xad\xe3\x83\xa9\xe3\x81\x97\xe3\x81\xa6\xe3\x82\x8b\xe3\x81\xaa\xe3\x81\x93\xe3\x81\xae'
758.24159375,761.04284375,b'SPEAKER_01',b'\xe3\x81\xad\xe3\x83\xbc\xe3\x81\xaa\xe3\x82\x93\xe3\x81\x8b\xe3\x81\x99\xe3\x81\x94\xe3\x81\x84\xe3\x82\x88\xe3\x81\xad\xe3\x81\x93\xe3\x82\x8c'
759.3047187500001,759.62534375,b'SPEAKER_00',b'\xe3\x81\x99\xe3\x81\xbf\xe3\x81\xbe\xe3\x81\x9b\xe3\x82\x93'
760.48596875,760.67159375,b'SPEAKER_00',b'\xe3\x81\x8a\xe7\x96\xb2\xe3\x82\x8c\xe6\xa7\x98\xe3\x81\xa7\xe3\x81\x97\xe3\x81\x9f'
762.5278437500001,763.20284375,b'SPEAKER_01',b'\xe3\x81\x82\xe3\x80\x81\xe3\x81\xa0\xe3\x82\x8c\xe3\x81\x8b\xe3\x81\x8a\xe3\x82\x8b'
763.6415937500001,764.5190937500001,b'SPEAKER_01',b'\xe3\x81\x82\xe3\x80\x81\xe3\x81\x86\xe3\x81\xbe\xe3\x81\x84\xe7\xa7\x81!'
765.6159687500001,769.37909375,b'SPEAKER_01',b'\xe3\x81\xbb\xe3\x82\x93\xe3\x81\xa8\xe3\x81\xa0\xe3\x80\x81\xe3\x81\x82\xe3\x81\xa3\xe3\x81\x84\xe3\x82\x8b\xe3\x81\xaa\xe3\x81\x86\xe3\x81\xbe\xe3\x81\x84!\xe6\xb0\x97\xe3\x82\x92\xe8\xb5\xb0\xe3\x81\xa3\xe3\x81\xa6\xe3\x82\x8b\xe4\xba\xba\xe3\x81\x8c\xe3\x81\x84\xe3\x82\x8b\xe3\x81\xad'
767.3203437500001,767.96159375,b'SPEAKER_00',b'\xe3\x81\x86\xe3\x81\xbe\xe3\x81\x84!'
769.90221875,770.2397187500001,b'SPEAKER_01',b'\xe3\x82\x93?'
770.77971875,774.6103437500001,b'SPEAKER_01',b'\xe3\x81\x8a\xe3\x81\x84\xe3\x81\xa7\xe7\x89\x87\xe6\x96\xb9\xe9\x96\x8b\xe3\x81\x84\xe3\x81\xa6\xe3\x82\x8b\xe3\x82\x88'
771.04971875,772.31534375,b'SPEAKER_02',b'\xe3\x81\x8a\xe3\x81\x84\xe3\x81\xa7\xe3\x80\x81\xe7\x89\x87\xe6\x96\xb9\xe9\x96\x8b\xe3\x81\x84\xe3\x81\xa6\xe3\x82\x8b\xe3\x82\x88'
772.31534375,772.3828437500001,b'SPEAKER_00',b'\xe3\x81\x94\xe8\xa6\x96\xe8\x81\xb4\xe3\x81\x82\xe3\x82\x8a\xe3\x81\x8c\xe3\x81\xa8\xe3\x81\x86\xe3\x81\x94\xe3\x81\x96\xe3\x81\x84\xe3\x81\xbe\xe3\x81\x97\xe3\x81\x9f!'
774.7790937500001,774.8972187500001,b'SPEAKER_01',b'\xe3\x81\x82'
775.15034375,775.5890937500001,b'SPEAKER_01',b'\xe3\x81\x82!'
777.0065937500001,777.2765937500001,b'SPEAKER_01',b'\xe3\x81\xaf\xe3\x81\xa3'
777.96846875,778.4072187500001,b'SPEAKER_01',b''
778.66034375,779.03159375,b'SPEAKER_01',b'\xe3\x81\xaf\xe3\x81\xa3'
779.03159375,779.20034375,b'SPEAKER_02',b''
779.20034375,779.2847187500001,b'SPEAKER_01',b'\xe3\x81\x94\xe8\xa6\x96\xe8\x81\xb4\xe3\x81\x82\xe3\x82\x8a\xe3\x81\x8c\xe3\x81\xa8\xe3\x81\x86\xe3\x81\x94\xe3\x81\x96\xe3\x81\x84\xe3\x81\xbe\xe3\x81\x97\xe3\x81\x9f!'
779.2847187500001,780.71909375,b'SPEAKER_02',b'\xe3\x81\x82\xe3\x81\x82'
780.71909375,784.3640937499999,b'SPEAKER_01',b'\xe3\x81\x82\xe3\x80\x81\xe3\x82\xb7\xe3\x83\xa5\xe3\x83\x8e\xe3\x83\xbc\xe3\x82\xb1\xe3\x83\xab\xe3\x81\xa0\xe3\x81\xa3\xe3\x81\x9f\xe3\x81\xad'
780.73596875,786.2878437500001,b'SPEAKER_02',b'\xe8\xb6\xb3\xe3\x81\xae\xe5\x8b\x95\xe3\x81\x8d\xe3\x81\x8c\xe8\x81\x9e\xe3\x81\x84\xe3\x81\xa6\xe3\x82\x8b\xe7\xab\x8b\xe3\x81\xa3\xe3\x81\xa6!\xe7\xab\x8b\xe3\x81\xa3\xe3\x81\xa6!'
784.51596875,786.4734687499999,b'SPEAKER_01',b'\xe7\xab\x8b\xe3\x81\xa3\xe3\x81\xa6!'
786.4734687499999,786.67596875,b'SPEAKER_02',b''
786.67596875,788.63346875,b'SPEAKER_01',b'\xe3\x81\xaf\xe3\x81\x84\xe3\x80\x81\xe6\x92\xae\xe3\x81\xa3\xe3\x81\x9f\xe6\x92\xae\xe3\x81\xa3\xe3\x81\x9f\xe3\x80\x81\xe3\x81\xaf\xe3\x81\x84\xe3\x81\x82\xe3\x82\x8a\xe3\x81\x8c\xe3\x81\xa8\xe3\x81\x86'
789.8484687499999,791.29971875,b'SPEAKER_01',b'\xe6\xad\xbb\xe3\x81\xac\xe3\x81\xa0\xe3\x81\x91\xe3\x81\xa7\xe3\x81\x84\xe3\x81\x84\xe3\x82\x93\xe3\x81\x8b'
792.8859687500001,794.4384687500001,b'SPEAKER_01',b'\xe9\xa1\x94\xe3\x81\x8c\xe5\x87\xba\xe3\x81\xa6\xe3\x81\x8d\xe3\x81\x9f\xe3\x81\x93\xe3\x82\x8c'
793.27409375,793.54409375,b'SPEAKER_02',b'ww'
794.9109687500002,796.8684687500001,b'SPEAKER_01',b'\xe3\x82\xab\xe3\x83\xa1\xe3\x83\xb3\xe3\x82\xab\xe3\x83\xa1\xe3\x83\xb3\xe3\x80\x81\xe3\x81\x82\xe3\x82\x8c?\xe3\x81\x93\xe3\x81\x93\xe8\xa1\x8c\xe3\x81\xa3\xe3\x81\xa6\xe3\x81\xaa\xe3\x81\x84\xe3\x82\x93\xe3\x81\x98\xe3\x82\x83\xe3\x81\xaa\xe3\x81\x84?'
798.30284375,803.36534375,b'SPEAKER_01',b'\xe3\x81\x93\xe3\x81\x93\xe3\x81\x8c\xe3\x81\x82\xe3\x81\xae\xe3\x81\xa7\xe3\x81\x8b\xe3\x81\x84\xe3\x82\x84\xe3\x81\xa4\xe3\x81\xa0\xe3\x81\xaa\xe5\xa4\x9a\xe5\x88\x86\xe3\x81\x82\xe3\x80\x81\xe3\x81\xbb\xe3\x82\x93\xe3\x81\xa8\xe3\x81\xa0!\xe3\x81\x93\xe3\x81\x93\xe8\xa1\x8c\xe3\x81\xa3\xe3\x81\xa6\xe3\x81\xaa\xe3\x81\x84\xe3\x81\x93\xe3\x82\x8c\xe3\x81\xa0\xe3\x81\x93\xe3\x82\x8c\xe3\x81\xa0'
800.44596875,800.4797187500001,b'SPEAKER_00',b''
800.4797187500001,801.25596875,b'SPEAKER_02',b'\xe3\x81\x82\xe3\x80\x81\xe3\x81\x93\xe3\x81\x93\xe3\x81\xab\xe8\xa1\x8c\xe3\x81\xa3\xe3\x81\xa6\xe3\x82\x93\xe3\x81\xa0!'
801.25596875,801.39096875,b'SPEAKER_00',b'\xe3\x81\x94\xe8\xa6\x96\xe8\x81\xb4\xe3\x81\x82\xe3\x82\x8a\xe3\x81\x8c\xe3\x81\xa8\xe3\x81\x86\xe3\x81\x94\xe3\x81\x96\xe3\x81\x84\xe3\x81\xbe\xe3\x81\x97\xe3\x81\x9f!'
801.39096875,801.4584687500001,b'SPEAKER_02',b'\xe3\x81\x94\xe8\xa6\x96\xe8\x81\xb4\xe3\x81\x82\xe3\x82\x8a\xe3\x81\x8c\xe3\x81\xa8\xe3\x81\x86\xe3\x81\x94\xe3\x81\x96\xe3\x81\x84\xe3\x81\xbe\xe3\x81\x97\xe3\x81\x9f!'
801.4584687500001,801.4922187500001,b'SPEAKER_00',b''
802.23471875,802.25159375,b'SPEAKER_00',b'\xe3\x81\x94\xe8\xa6\x96\xe8\x81\xb4\xe3\x81\x82\xe3\x82\x8a\xe3\x81\x8c\xe3\x81\xa8\xe3\x81\x86\xe3\x81\x94\xe3\x81\x96\xe3\x81\x84\xe3\x81\xbe\xe3\x81\x97\xe3\x81\x9f'
802.25159375,802.6059687500001,b'SPEAKER_02',b'\xe3\x81\x93\xe3\x82\x8c\xe3\x81\xa0\xe3\x82\x88'
802.6059687500001,803.3484687500002,b'SPEAKER_00',b'\xe4\xbf\xba\xe3\x81\xae\xe6\x9a\xae\xe3\x82\x89\xe3\x81\x97'
